Workbook

Sheet IPTV US
A1: Channel Number | B1: Channel Name | C1: Provider | D1: Availability | E1: Rovi 1.1 Source ID | F1: Rovi 2.0 Source ID | G1: Partner Station Id | H1: playbackUrlChannelId | I1: channelChangeId | J1: Call Sign | K1: Packaged Service Description | L1: XUMO playURL (Pre-Frumos 1.20) | M1: XUMO playURL (Frumos 1.20) | N1: Packaged Service Id | O1: TiVo+ Genre | P1: IPTV Platform (mATV) | Q1: IPTV Unmanaged Streaming Devices
A2: 10101 | B2: CNN Headlines | C2: Pluto TV | D2: Live | E2: 100371 | F2: 9010079773 | G2: 427517053 | H2: cnn-headlines | I2: 5421f71da6af422839419cb3 | J2: CNNHEADLINES | K2: CNN Headlines | N2: 427517053 | O2: News & Opinion | P2: ✔
A3: 10102 | B3: NBC News Now | C3: Pluto TV | D3: Live | E3: 100582 | F3: 9192516135 | G3: 429861982 | H3: nbc-news-now | I3: 5df97894467dfa00091c873c | J3: NBCNNW | K3: NBC News Now | N3: 429861982 | O3: News & Opinion | P3: ✔
A4: 10103 | C4: Pluto TV
A5: 10104 | B5: CBS News 24/7 | C5: Pluto TV | D5: Live | E5: 100432 | F5: 9010105410 | G5: 427517050 | H5: cbs-news | I5: 5a6b92f6e22a617379789618 | J5: CBSNEWS-TIVO | K5: CBS News 24/7 | N5: 427517050 | O5: News & Opinion | P5: ✔
A6: 10105 | C6: Pluto TV
A7: 10106 | C7: Pluto TV
A8: 10107 | C8: Pluto TV
A9: 10108 | C9: Pluto TV
A10: 10109 | C10: Pluto TV
A11: 10110 | C11: Pluto TV
A12: 10111 | B12: Sky News | C12: Pluto TV | D12: Live | E12: 100417 | F12: 9010098841 | G12: 427517061 | H12: sky-news | I12: 55b285cd2665de274553d66f | J12: SKYNEW | K12: Sky News | N12: 427517061 | O12: News & Opinion | P12: ✔
A13: 10112 | B13: Blaze Live | C13: Pluto TV | D13: Live | E13: 37159 | F13: 312864873 | G13: 235665557 | H13: blaze-live | I13: 5e46fba0c43b0d00096e5ac1 | J13: BLAZESD | K13: Blaze Live | N13: 235665557 | O13: News & Opinion | P13: ✔
A14: 10113 | C14: Pluto TV
A15: 10114 | C15: Pluto TV
A16: 10115 | C16: Pluto TV
A17: 10116 | C17: Pluto TV
A18: 10117 | B18: Pluto TV Crime Movies | C18: Pluto TV | D18: Live | E18: 109771 | F18: 14580966827 | G18: 499315358 | H18: pluto-tv-crime-movies | I18: 5f4d8594eb979c0007706de7 | J18: CRMOVPLUTO | K18: Pluto TV Crime Movies | N18: 499315358 | O18: Movies | P18: ✔
A19: 10118 | B19: Pluto TV Westerns | C19: Pluto TV | D19: Live | E19: 100370 | F19: 9010079772 | G19: 427517072 | H19: pluto-tv-westerns-ptv1 | I19: 5b4e94282d4ec87bdcbb87cd | J19: PLUWEST | K19: Pluto TV Westerns | N19: 427517072 | O19: Movies | P19: ✔
A20: 10119 | B20: Pluto TV Action | C20: Pluto TV | D20: Live | E20: 100400 | F20: 9010089140 | G20: 427517024 | H20: pluto-tv-action | I20: 561d7d484dc7c8770484914a | J20: PLUTOACT | K20: Pluto TV Action | N20: 427517024 | O20: Movies | P20: ✔
A21: 10120 | B21: Black Cinema | C21: Pluto TV | D21: Live | E21: 100364 | F21: 9010077077 | G21: 427517054 | H21: black-cinema | I21: 58af4c093a41ca9d4ecabe96 | J21: BLAKCINE | K21: Black Cinema | N21: 427517054 | O21: Movies | P21: ✔
A22: 10121 | B22: Pluto TV Horror | C22: Pluto TV | D22: Live | E22: 100408 | F22: 9010092582 | G22: 427517034 | H22: pluto-tv-horror | I22: 569546031a619b8f07ce6e25 | J22: PLUTVHOR | K22: Pluto TV Horror | N22: 427517034 | O22: Movies | P22: ✔
A23: 10122 | B23: Pluto TV Terror | C23: Pluto TV | D23: Live | E23: 100416 | F23: 9010098708 | G23: 427517019 | H23: pluto-tv-terror | I23: 5c6dc88fcd232425a6e0f06e | J23: PLUTVTER | K23: Pluto TV Terror | N23: 427517019 | O23: Movies | P23: ✔
A24: 10123 | B24: Pluto TV Sci-Fi | C24: Pluto TV | D24: Live | E24: 100413 | F24: 9010096138 | G24: 427517067 | H24: pluto-tv-sci-fi | I24: 5b4fc274694c027be6ed3eea | J24: PLUTVSCI | K24: Pluto TV Sci-Fi | N24: 427517067 | O24: Movies | P24: ✔
A25: 10124 | B25: Pluto TV Comedy | C25: Pluto TV | D25: Live | E25: 100405 | F25: 9010089821 | G25: 427517068 | H25: pluto-tv-comedy | I25: 5a4d3a00ad95e4718ae8d8db | J25: PLUTVCOM | K25: Pluto TV Comedy | N25: 427517068 | O25: Movies | P25: ✔
A26: 10125 | B26: Pluto TV Drama | C26: Pluto TV | D26: Live | E26: 100406 | F26: 9010092184 | G26: 427517040 | H26: pluto-tv-drama | I26: 5b4e92e4694c027be6ecece1 | J26: PLUTVDRA | K26: Pluto TV Drama | N26: 427517040 | O26: Movies | P26: ✔
A27: 10126 | B27: Pluto TV Fantastic | C27: Pluto TV | D27: Live | E27: 100407 | F27: 9010092350 | G27: 427517073 | H27: pluto-tv-fantastic | I27: 5b64a245a202b3337f09e51d | J27: PLUTVFAN | K27: Pluto TV Fantastic | N27: 427517073 | O27: Movies | P27: ✔
A28: 10127 | C28: Pluto TV
A29: 10128 | B29: Pluto TV Romance | C29: Pluto TV | D29: Live | E29: 100412 | F29: 9010094694 | G29: 427571159 | H29: pluto-tv-romance | I29: 5a66795ef91fef2c7031c599 | J29: PLURVROM | K29: Pluto TV Romance | N29: 427571159 | O29: Movies | P29: ✔
A30: 10129 | B30: Pluto TV Spotlight | C30: Pluto TV | D30: Live | E30: 100414 | F30: 9010098650 | G30: 427517026 | H30: pluto-tv-spotlight | I30: 5ba3fb9c4b078e0f37ad34e8 | J30: PLUTVSP | K30: Pluto TV Spotlight | N30: 427517026 | O30: Movies | P30: ✔
A31: 10130 | B31: Paramount Movie Channel | C31: Pluto TV | D31: Live | E31: 100399 | F31: 9010089139 | G31: 427517006 | H31: paramount-movie-channel | I31: 5cb0cae7a461406ffe3f5213 | J31: PARAMOVC | K31: Paramount Movie Channel | N31: 427517006 | O31: Movies | P31: ✔
A32: 10131 | B32: 70's Cinema | C32: Pluto TV | D32: Live | E32: 101607 | F32: 10158522042 | G32: 442803426 | H32: 70s-cinema | I32: 5f4d878d3d19b30007d2e782 | J32: 70CINEMA | K32: 70's Cinema | N32: 442803426 | O32: Movies | P32: ✔
A33: 10132 | B33: 80's Rewind | C33: Pluto TV | D33: Live | E33: 101606 | F33: 10158517642 | G33: 442803415 | H33: 80s-rewind | I33: 5ca525b650be2571e3943c63 | J33: 80REWIND | K33: 80's Rewind | N33: 442803415 | O33: Movies | P33: ✔
A34: 10133 | B34: 90's Throwback | C34: Pluto TV | D34: Live | E34: 101605 | F34: 10157721666 | G34: 442803411 | H34: 90s-throwback | I34: 5f4d86f519358a00072b978e | J34: 90THROW | K34: 90's Throwback | N34: 442803411 | O34: Movies | P34: ✔
A35: 10134 | C35: Pluto TV
A36: 10135 | C36: Pluto TV
A37: 10136 | C37: Pluto TV
A38: 10137 | C38: Pluto TV
A39: 10138 | B39: COPS | C39: Pluto TV | D39: Live | E39: 100375 | F39: 9010081021 | G39: 427517066 | H39: cops | I39: 5e1f7e089f23700009d66303 | J39: COPS | K39: COPS | N39: 427517066 | O39: True Crime | P39: ✔
A40: 10139 | B40: Forensic Files | C40: Pluto TV | D40: Live | E40: 100380 | F40: 9010083617 | G40: 427517014 | H40: forensic-files | I40: 5bb1af6a268cae539bcedb0a | J40: FORFILE | K40: Forensic Files | N40: 427517014 | O40: True Crime | P40: ✔
A41: 10140 | B41: Cold Case Files by A&E | C41: Pluto TV | D41: Live | E41: 100372 | F41: 9010081018 | G41: 427517043 | H41: cold-case-files-presented-by-aande | I41: 5c37d6712de254456f7ec340 | J41: COLCASE | K41: Cold Case Files by A&E | N41: 427517043 | O41: True Crime | P41: ✔
A42: 10141 | B42: 48 Hours | C42: Pluto TV | D42: Live | E42: 109747 | F42: 14580532928 | G42: 499315356 | H42: 48-hours | I42: 6176f39e709f160007ec61c3 | J42: HOURSPLUTO | K42: 48 Hours | N42: 499315356 | O42: True Crime | P42: ✔
A43: 10142 | B43: The New Detectives | C43: Pluto TV | D43: Live | E43: 100422 | F43: 9010099841 | G43: 427517042 | H43: the-new-detectives | I43: 5aea40b35126c2157123aa64 | J43: NEWDECTV | K43: The New Detectives | N43: 427517042 | O43: True Crime | P43: ✔
A44: 10143 | B44: Pluto TV True Crime | C44: Pluto TV | D44: Live | E44: 101613 | F44: 10158690267 | G44: 442803422 | H44: pluto-tv-true-crime | I44: 5812be1c249444e05d09cc50 | J44: PLUTOCRIM | K44: Pluto TV True Crime | N44: 442803422 | O44: True Crime | P44: ✔
A45: 10144 | C45: Pluto TV
A46: 10145 | C46: Pluto TV
A47: 10146 | C47: Pluto TV
A48: 10147 | C48: Pluto TV
A49: 10148 | B49: CSI | C49: Pluto TV | D49: Live | E49: 100376 | F49: 9010081022 | G49: 427517047 | H49: csi | I49: 5efbd29e4aa26700076c0d06 | J49: CSI-NA | K49: CSI | N49: 427517047 | O49: Crime Drama | P49: ✔
A50: 10149 | B50: CSI: Miami | C50: Pluto TV | D50: Live | E50: 109757 | F50: 14580951994 | G50: 499315289 | H50: csi-miami-ptv2 | I50: 62f54c11b3af68000702c304 | J50: CSIMIAMIPL | K50: CSI: Miami | N50: 499315289 | O50: Crime Drama | P50: ✔
A51: 10150 | B51: CSI: NY | C51: Pluto TV | D51: Live | E51: 109759 | F51: 14580957527 | G51: 499315303 | H51: csi-ny | I51: 62f54c6439183b000769fb8f | J51: CSINYPLUTO | K51: CSI: NY | N51: 499315303 | O51: Crime Drama | P51: ✔
A52: 10151 | B52: Pluto TV Crime Drama | C52: Pluto TV | D52: Live | E52: 101614 | F52: 10158701567 | G52: 442803400 | H52: pluto-tv-crime-drama | I52: 5f31fd1b4c510e00071c3103 | J52: PLUTOCRDR | K52: Pluto TV Crime Drama | N52: 442803400 | O52: Crime Drama | P52: ✔
A53: 10152 | B53: Midsomer Murders | C53: Pluto TV | D53: Live | E53: 100390 | F53: 9010086093 | G53: 427517046 | H53: midsomer-murders | I53: 5cbf6a868a1bce4a3d52a5e9 | J53: MIDSMURD | K53: Midsomer Murders | N53: 427517046 | O53: Crime Drama | P53: ✔
A54: 10153 | B54: Star Trek | C54: Pluto TV | D54: Live | E54: 100420 | F54: 9010099620 | G54: 427517076 | H54: star-trek-1 | I54: 5efbd39f8c4ce900075d7698 | J54: STARTRK | K54: Star Trek | N54: 427517076 | O54: Hit TV Shows | P54: ✔
A55: 10154 | C55: Pluto TV
A56: 10155 | C56: Pluto TV
A57: 10156 | C57: Pluto TV
A58: 10157 | C58: Pluto TV
A59: 10158 | B59: Paramount+ Picks | C59: Pluto TV | D59: Live | E59: 109769 | F59: 14580964229 | G59: 499315351 | H59: paramount-ptv1 | I59: 5ff8c708653d080007361b14 | J59: PARAMPICSPL | K59: Paramount+ Picks | N59: 499315351 | O59: Hit TV Shows | P59: ✔
A60: 10159 | B60: Stories by AMC | C60: Pluto TV | D60: Live | E60: 109728 | F60: 14568761564 | G60: 499197895 | H60: stories-by-amc | I60: 5e8254118601b80007b4b7ae | J60: AMCPLUTO | K60: Stories by AMC | N60: 499197895 | O60: Hit TV Shows | P60: ✔
A61: 10160 | B61: TV Land Drama | C61: Pluto TV | D61: Live | E61: 109784 | F61: 14580986141 | G61: 499315294 | H61: tv-land-drama | I61: 5d40bebc5e3d2750a2239d7e | J61: TVLANDDRPL | K61: TV Land Drama | N61: 499315294 | O61: Hit TV Shows | P61: ✔
A62: 10161 | B62: Supernatural Drama | C62: Pluto TV | D62: Live | E62: 109775 | F62: 14580971546 | G62: 499315291 | H62: supernatural-drama | I62: 5f24662bebe0f0000767de32 | J62: SUPERNDRPL | K62: Supernatural Drama | N62: 499315291 | O62: Hit TV Shows | P62: ✔
A63: 10162 | B63: The Walking Dead Universe | C63: Pluto TV | D63: Live | E63: 110732 | F63: 15270911490 | G63: 508375947 | H63: the-walking-dead-universe | I63: 62fa8176b9884200074ef5ae | J63: WALKDDPLT | K63: The Walking Dead Universe | N63: 508375947 | O63: Hit TV Shows | P63: ✔
A64: 10163 | B64: Pluto TV Paranormal | C64: Pluto TV | D64: Live | E64: 109772 | F64: 14580968031 | G64: 499315400 | H64: pluto-tv-paranormal | I64: 5adf96e3e738977e2c31cb04 | J64: PARANORMPL | K64: Pluto TV Paranormal | N64: 499315400 | O64: Hit TV Shows | P64: ✔
A65: 10164 | B65: 90210 | C65: Pluto TV | D65: Live | E65: 109748 | F65: 14580607525 | G65: 499315349 | H65: 90210 | I65: 5f4d83e0a382c00007bc02e7 | J65: 90210PLUTO | K65: 90210 | N65: 499315349 | O65: Hit TV Shows | P65: ✔
A66: 10165 | C66: Pluto TV
A67: 10166 | C67: Pluto TV
A68: 10167 | C68: Pluto TV
A69: 10168 | C69: Pluto TV
A70: 10169 | C70: Pluto TV
A71: 10170 | C71: Pluto TV
A72: 10171 | B72: Degrassi | C72: Pluto TV | D72: Live | E72: 109762 | F72: 14580957845 | G72: 499315399 | H72: degrassi | I72: 5c6eeb85c05dfc257e5a50c4 | J72: DEGRPLUTO | K72: Degrassi | N72: 499315399 | O72: Hit TV Shows | P72: ✔
A73: 10172 | B73: The Beverly Hillbillies | C73: Pluto TV | D73: Live | E73: 109779 | F73: 14580986136 | G73: 499315365 | H73: beverly-hillbillies-ptv1 | I73: 5f7796e470510900070d4e3d | J73: BEVHILLPLUTO | K73: The Beverly Hillbillies | N73: 499315365 | O73: Hit TV Shows | P73: ✔
A74: 10173 | B74: Family Ties | C74: Pluto TV | D74: Live | E74: 109763 | F74: 14580960427 | G74: 499315290 | H74: family-ties | I74: 5f77939a630f530007dde654 | J74: FAMTIESPLUTO | K74: Family Ties | N74: 499315290 | O74: Hit TV Shows | P74: ✔
A75: 10174 | B75: Doctor Who Classic | C75: Pluto TV | D75: Live | E75: 100377 | F75: 9010083016 | G75: 427517075 | H75: doctor-who-classic | I75: 5ce4475cd43850831ca91ce7 | J75: DOCWHOCL | K75: Doctor Who Classic | N75: 427517075 | O75: Hit TV Shows | P75: ✔
A76: 10175 | B76: Best of Dr. Phil | C76: Pluto TV | D76: Live | E76: 109751 | F76: 14580912646 | G76: 499315286 | H76: best-of-dr-phil | I76: 60f760bbdf090700075d7bfe | J76: PHILPLUTO | K76: Best of Dr. Phil | N76: 499315286 | O76: Hit TV Shows | P76: ✔
A77: 10176 | B77: The Judge Judy Channel | C77: Pluto TV | D77: Live | E77: 109781 | F77: 14580986138 | G77: 499315357 | H77: the-judge-judy-channel | I77: 6283d51144ad8f0007fa382d | J77: JJUDYPLUTO | K77: The Judge Judy Channel | N77: 499315357 | O77: Hit TV Shows | P77: ✔
A78: 10177 | B78: Hot Bench | C78: Pluto TV | D78: Live | E78: 109764 | F78: 14580960428 | G78: 499315296 | H78: hot-bench | I78: 6036e6e7ac69c400072afca2 | J78: HOTBENCHPL | K78: Hot Bench | N78: 499315296 | O78: Hit TV Shows | P78: ✔
A79: 10178 | C79: Pluto TV
A80: 10179 | C80: Pluto TV
A81: 10180 | B81: TODAY All Day | C81: Pluto TV | D81: Live | E81: 100423 | F81: 9010100026 | G81: 427517020 | H81: today-1 | I81: 5d695f7db53adf96b78e7ce3 | J81: TODAY | K81: TODAY All Day | N81: 427517020 | O81: News & Opinion | P81: ✔
A82: 10181 | B82: The Price is Right | C82: Pluto TV | D82: Live | E82: 109782 | F82: 14580986139 | G82: 499315380 | H82: the-price-is-right | I82: 643f035d5a0cd50008361534 | J82: PROCERIGHTPL | K82: The Price is Right | N82: 499315380 | O82: Game Shows | P82: ✔
A83: 10182 | B83: The Price Is Right: The Barker Era | C83: Pluto TV | D83: Live | E83: 109729 | F83: 14568769872 | G83: 499197894 | H83: the-price-is-right-the-barker-era | I83: 5f7791b8372da90007fd45e6 | J83: PRICEPLUTO | K83: The Price Is Right: The Barker Era | N83: 499197894 | O83: Game Shows | P83: ✔
A84: 10183 | B84: Let's Make a Deal | C84: Pluto TV | D84: Live | E84: 109766 | F84: 14580961176 | G84: 499315359 | H84: lets-make-a-deal | I84: 6267352efcf21c0007c76642 | J84: MAKEDEALPL | K84: Let's Make a Deal | N84: 499315359 | O84: Game Shows | P84: ✔
A85: 10184 | B85: BUZZR | C85: Pluto TV | D85: Live | E85: 101634 | F85: 10158885696 | G85: 442803409 | H85: buzzr | I85: 5812bfbe4ced4f7b601b12e6 | J85: BUZZR-NA | K85: BUZZR | N85: 442803409 | O85: Game Shows | P85: ✔
A86: 10185 | B86: Deal or No Deal | C86: Pluto TV | D86: Live | E86: 101611 | F86: 10158686757 | G86: 442803414 | H86: deal-or-no-deal | I86: 5e9debf8c881310007d7bde1 | J86: DEALNODEAL | K86: Deal or No Deal | N86: 442803414 | O86: Game Shows | P86: ✔
A87: 10186 | B87: ET | C87: Pluto TV | D87: Live | E87: 101612 | F87: 10158687900 | G87: 442803420 | H87: et | I87: 5dc0c78281eddb0009a02d5e | J87: ET | K87: ET | N87: 442803420 | O87: Entertainment | P87: ✔
A88: 10187 | B88: Comedy Central Pluto TV | C88: Pluto TV | D88: Live | E88: 109755 | F88: 14580950297 | G88: 499315352 | H88: comedy-central-pluto-tv | I88: 5ca671f215a62078d2ec0abf | J88: COMCENTPLUTO | K88: Comedy Central Pluto TV | N88: 499315352 | O88: Comedy | P88: ✔
A89: 10188 | C89: Pluto TV
A90: 10189 | B90: Tosh.0 | C90: Pluto TV | D90: Live | E90: 101615 | F90: 10158702650 | G90: 442803403 | H90: tosh-1 | I90: 5dae084727c8af0009fe40a4 | J90: TOSH | K90: Tosh.0 | N90: 442803403 | O90: Comedy | P90: ✔
A91: 10190 | B91: TV Land Sitcoms | C91: Pluto TV | D91: Live | E91: 100424 | F91: 9010100147 | G91: 427517051 | H91: tv-land-sitcoms | I91: 5c2d64ffbdf11b71587184b8 | J91: TVLNSIT | K91: TV Land Sitcoms | N91: 427517051 | O91: Comedy | P91: ✔
A92: 10191 | C92: Pluto TV
A93: 10192 | B93: Wild 'N Out | C93: Pluto TV | D93: Live | E93: 100428 | F93: 9010100430 | G93: 427517013 | H93: wild-n-out | I93: 5d48678d34ceb37d3c458a55 | J93: WILDNOUT | K93: Wild 'N Out | N93: 427517013 | O93: Comedy | P93: ✔
A94: 10193 | C94: Pluto TV
A95: 10194 | B95: Pluto TV Cars | C95: Pluto TV | D95: Live | E95: 100401 | F95: 9010089276 | G95: 427517011 | H95: cars | I95: 5812b3a4249444e05d09cc46 | J95: PLUTOCAR | K95: Pluto TV Cars | N95: 427517011 | O95: Automotive | P95: ✔
A96: 10195 | C96: Pluto TV
A97: 10196 | C97: Pluto TV
A98: 10197 | C98: Pluto TV
A99: 10198 | B99: Survivor | C99: Pluto TV | D99: Live | E99: 109776 | F99: 14580971547 | G99: 499315373 | H99: survivor-ptv1 | I99: 5f21e7b24744c60007c1f6fc | J99: SURVIVORPL | K99: Survivor | N99: 499315373 | O99: Competition Reality | P99: ✔
A100: 10199 | B100: The Amazing Race | C100: Pluto TV | D100: Live | E100: 109778 | F100: 14580981344 | G100: 499315362 | H100: the-amazing-race | I100: 5f21e8a6e2f12b000755afdb | J100: AMAZRACEPL | K100: The Amazing Race | N100: 499315362 | O100: Competition Reality | P100: ✔
...

Sheet IPTV CA
A1: Channel Number | B1: Channel Name | C1: Provider | D1: Availability | E1: Rovi 1.1 Source ID | F1: Rovi 2.0 Source ID | G1: Partner Station Id | H1: playbackUrlChannelId | I1: channelChangeId | J1: Call Sign | K1: Packaged Service Description | L1: XUMO playURL (Pre-Frumos 1.20) | M1: XUMO playURL (Frumos 1.20) | N1: Packaged Service Id | O1: TiVo+ Genre | P1: IPTV Platform (mATV) | Q1: IPTV Unmanaged Streaming Devices
A2: 10401 | B2: Bloomberg TV | C2: Direct | D2: Live | E2: 113171 | F2: 16354099306 | G2: 521876205 | J2: BLTVXUMO | K2: Direct-Bloomberg TV | M2: https:TIVOPLUS_BLANK//dai.google.com/linear/hls/event/AshzBu9XTQScek7dcLQlCA/master.m3u8?devid=TIVOPLUS_DEV_ID&devlat=TIVOPLUS_DEV_LAT&gdprconsent=&platform=TIVOPLUS_PLATFORM | N2: 99000000 | P2: ✔
A3: 10402 | B3: Bloomberg Originals | C3: Direct | D3: Live | E3: 113170 | F3: 16354087548 | G3: 521876204 | J3: BLORXUM | K3: Direct-Bloomberg Originals | M3: https:TIVOPLUS_BLANK//dai.google.com/linear/hls/event/TgqE2Aw_SiKmXKQgJoVpJQ/master.m3u8?devid=TIVOPLUS_DEV_ID&devlat=TIVOPLUS_DEV_LAT&gdprconsent=&platform=TIVOPLUS_PLATFORM | N3: 99000001 | P3: ✔
A4: 10403 | C4: XUMO
A5: 10404 | C5: XUMO
A6: 10405 | C6: XUMO
A7: 10406 | B7: Filmrise Canadien | C7: XUMO | D7: Live | E7: 111974 | F7: 15836602686 | G7: 515581920 | J7: FLMRCAXU | K7: XUMO-Filmrise Canadien | M7: https:TIVOPLUS_BLANK//db32be3yl2hko.cloudfront.net/11302/88885125/hls/master.m3u8?ads.xumo_channelId=88885125&ads.caid=FilmRiseCA&ads.csid=tivo_ca_filmrisecanadien_ssai&ads.coppa=0&ads.provider_id=1082&ads.content_producer_id=1082&ads.content_producer=FilmRiseCA&ads.content_network=FilmRiseCA&ads.xumo_streamId=88885125&ads.content_length=&ads.content_language=en&ads.content_category=IAB1-7&ads.content_genre=Television&ads.content_rating=tv14&&ads.content_channel=FilmriseCanadien&ads.app_name=TIVOPLUS_APPNAME&ads.app_version=TIVOPLUS_APP_VERSION&ads.app_bundle=tivo.entertainment&ads.did=TIVOPLUS_DEV_ID&ads.did_type=TIVOPLUS_DEV_TYPE&ads.is_lat=TIVOPLUS_DEV_LAT&ads.us_privacy=TIVOPLUS_USPRIVACY&ads.gdpr=&ads.gdpr_consent=&ads.app_domain=tivo.com&ads.device_type=TIVOPLUS_OPENRTB_DEVTYPE&ads.app_store_url=&ads.tivo_kvps=partnername%253DXumo%2526mvpd%253DTIVOPLUS_MVPD%2526adunittype%253DTIVOPLUS_ADUNIT_TYPE%2526sz%253D1920x1080%2526contenttype%253DLinear%2526uxloc%253DInapp%2526apptype%253DEntertainment%2526videotype%253Dmidroll%2526devcountry%253D%2526usid%253DTIVOPLUS_USERSESSION_ID%2526devlang%253D%2526platform%253DTIVOPLUS_PLATFORM%2526devmake%253DTIVOPLUS_DEVMAKE%2526devbrand%253D%2526devmake%253DTIVOPLUS_DEVMODEL%2526devmakedate%253D%2526devbrand%253D%2526devmake%253DTIVOPLUS_DEVMODEL%2526devmakedate%253D") | N7: 99000002 | P7: ✔
A8: 10407 | C8: XUMO
A9: 10408 | C9: XUMO
A10: 10409 | C10: XUMO
A11: 10410 | C11: XUMO
A12: 10411 | B12: FilmRise Western | C12: XUMO | D12: Live | E12: 111975 | F12: 15836608730 | G12: 515581901 | J12: FRISEXU | K12: XUMO-FilmRise Western | M12: https:TIVOPLUS_BLANK//db32be3yl2hko.cloudfront.net/11302/88885127/hls/master.m3u8?ads.xumo_channelId=88885127&ads.caid=FilmRise&ads.csid=tivo_us_filmrisewestern_ssai&ads.coppa=0&ads.provider_id=260&ads.content_producer_id=260&ads.content_producer=FilmRise&ads.content_network=FilmRise&ads.xumo_streamId=88885127&ads.content_length=&ads.content_language=en&ads.content_category=IAB17&ads.content_genre=Television&ads.content_rating=tvpg&ads.content_channel=FilmriseWestern&ads.app_name=TIVOPLUS_APPNAME&ads.app_version=TIVOPLUS_APP_VERSION&ads.app_bundle=tivo.entertainment&ads.did=TIVOPLUS_DEV_ID&ads.did_type=TIVOPLUS_DEV_TYPE&ads.is_lat=TIVOPLUS_DEV_LAT&ads.us_privacy=TIVOPLUS_USPRIVACY&ads.gdpr=&ads.gdpr_consent=&ads.app_domain=tivo.com&ads.device_type=TIVOPLUS_OPENRTB_DEVTYPE&ads.app_store_url=&ads.tivo_kvps=partnername%253DXumo%2526mvpd%253DTIVOPLUS_MVPD%2526adunittype%253DTIVOPLUS_ADUNIT_TYPE%2526sz%253D1920x1080%2526contenttype%253DLinear%2526uxloc%253DIn-app%2526apptype%253DEntertainment%2526videotype%253Dmid-roll%2526devcountry%253D%2526usid%253DTIVOPLUS_USERSESSION_ID%2526devlang%253D%2526platform%253DTIVOPLUS_PLATFORM%2526devmake%253DTIVOPLUS_DEVMAKE%2526devbrand%253D%2526devmake%253DTIVOPLUS_DEVMODEL%2526devmakedate%253D | N12: 99000003 | P12: ✔
A13: 10412 | C13: XUMO
A14: 10413 | C14: XUMO
A15: 10414 | C15: XUMO
A16: 10415 | C16: XUMO
A17: 10416 | C17: XUMO
A18: 10417 | B18: Shades of Black | C18: XUMO | D18: Live | E18: 112551 | F18: 16106044260 | G18: 519562724 | J18: SHADBLKXU-CA | K18: XUMO-Shades of Black | M18: https:TIVOPLUS_BLANK//db32be3yl2hko.cloudfront.net/11302/88885139/hls/playlist.m3u8?ads.xumo_channelId=88885139&ads.caid=FuseShadesofBlackCanada&ads.csid=tivo_ca_fuseshadesofblackcanada_ssai&ads.coppa=0&ads.provider_id=4032&ads.content_producer_id=4032&ads.content_producer=FuseShadesofBlackCanada&ads.content_network=FuseShadesofBlackCanada&ads.xumo_streamId=88885139&ads.content_length=&ads.content_language=en&ads.content_category=IAB1-7&ads.content_genre=Television&ads.content_rating=tv-14&ads.content_channel=ShadesofBlackCanada&ads.app_name=TIVOPLUS_APPNAME&ads.app_version=TIVOPLUS_APP_VERSION&ads.app_bundle=tivo.entertainment&ads.did=TIVOPLUS_DEV_ID&ads.did_type=TIVOPLUS_DEV_TYPE&ads.is_lat=TIVOPLUS_DEV_LAT&ads.us_privacy=TIVOPLUS_USPRIVACY&ads.gdpr=&ads.gdpr_consent=&ads.app_domain=tivo.com&ads.device_type=TIVOPLUS_OPENRTB_DEVTYPE&ads.app_store_url=&ads.tivo_kvps=partnername%253DXumo%2526mvpd%253DTIVOPLUS_MVPD%2526adunittype%253DTIVOPLUS_ADUNIT_TYPE%2526sz%253D1920x1080%2526contenttype%253DLinear%2526uxloc%253DIn-app%2526apptype%253DEntertainment%2526videotype%253Dmid-roll%2526devcountry%253D%2526usid%253DTIVOPLUS_USERSESSION_ID%2526devlang%253D%2526platform%253DTIVOPLUS_PLATFORM%2526devmake%253DTIVOPLUS_DEVMAKE%2526devbrand%253D%2526devmake%253DTIVOPLUS_DEVMODEL%2526devmakedate%253D | N18: 99000004 | P18: ✔
A19: 10418 | B19: OUTtv Proud | C19: XUMO | D19: Live | E19: 112549 | F19: 16106021655 | G19: 519562723 | J19: OUTTVPRDXUMO | K19: XUMO-OUTtv Proud | M19: https:TIVOPLUS_BLANK//db32be3yl2hko.cloudfront.net/11302/88885137/hls/playlist.m3u8?ads.xumo_channelId=88885137&ads.caid=FuseOutTVProud&ads.csid=tivo_us_fuseouttvproud_ssai&ads.coppa=0&ads.provider_id=4004&ads.content_producer_id=4004&ads.content_producer=FuseOutTVProud&ads.content_network=FuseOutTVProud&ads.xumo_streamId=88885137&ads.content_length=&ads.content_language=en&ads.content_category=IAB1-7&ads.content_genre=Television&ads.content_rating=tv-14&ads.content_channel=OutTVProud&ads.app_name=TIVOPLUS_APPNAME&ads.app_version=TIVOPLUS_APP_VERSION&ads.app_bundle=tivo.entertainment&ads.did=TIVOPLUS_DEV_ID&ads.did_type=TIVOPLUS_DEV_TYPE&ads.is_lat=TIVOPLUS_DEV_LAT&ads.us_privacy=TIVOPLUS_USPRIVACY&ads.gdpr=&ads.gdpr_consent=&ads.app_domain=tivo.com&ads.device_type=TIVOPLUS_OPENRTB_DEVTYPE&ads.app_store_url=&ads.tivo_kvps=partnername%253DXumo%2526mvpd%253DTIVOPLUS_MVPD%2526adunittype%253DTIVOPLUS_ADUNIT_TYPE%2526sz%253D1920x1080%2526contenttype%253DLinear%2526uxloc%253DIn-app%2526apptype%253DEntertainment%2526videotype%253Dmid-roll%2526devcountry%253D%2526usid%253DTIVOPLUS_USERSESSION_ID%2526devlang%253D%2526platform%253DTIVOPLUS_PLATFORM%2526devmake%253DTIVOPLUS_DEVMAKE%2526devbrand%253D%2526devmake%253DTIVOPLUS_DEVMODEL%2526devmakedate%253D | N19: 99000005 | P19: ✔
A20: 10419 | C20: XUMO
A21: 10420 | C21: XUMO
A22: 10421 | C22: XUMO
A23: 10422 | C23: XUMO
A24: 10423 | C24: XUMO
A25: 10424 | B25: Filmrise Classic TV | C25: XUMO | D25: Live | E25: 109841 | F25: 14663826120 | G25: 500453464 | J25: FILMRASXU | K25: XUMO-Filmrise Classic TV | M25: https:TIVOPLUS_BLANK//db32be3yl2hko.cloudfront.net/11302/88885126/hls/master.m3u8?ads.xumo_channelId=88885126&ads.caid=FilmRiseCA&ads.csid=tivo_ca_filmriseclassictv_ssai&ads.coppa=0&ads.provider_id=1082&ads.content_producer_id=1082&ads.content_producer=FilmRiseCA&ads.content_network=FilmRiseCA&ads.xumo_streamId=88885126&ads.content_length=&ads.content_language=en&ads.content_category=IAB1-7&ads.content_genre=Television&ads.content_rating=tvpg&ads.content_channel=FilmriseClassicTV&ads.app_name=TIVOPLUS_APPNAME&ads.app_version=TIVOPLUS_APP_VERSION&ads.app_bundle=tivo.entertainment&ads.did=TIVOPLUS_DEV_ID&ads.did_type=TIVOPLUS_DEV_TYPE&ads.is_lat=TIVOPLUS_DEV_LAT&ads.us_privacy=TIVOPLUS_USPRIVACY&ads.gdpr=&ads.gdpr_consent=&ads.app_domain=tivo.com&ads.device_type=TIVOPLUS_OPENRTB_DEVTYPE&ads.app_store_url=&ads.tivo_kvps=partnername%253DXumo%2526mvpd%253DTIVOPLUS_MVPD%2526adunittype%253DTIVOPLUS_ADUNIT_TYPE%2526sz%253D1920x1080%2526contenttype%253DLinear%2526uxloc%253DIn-app%2526apptype%253DEntertainment%2526videotype%253Dmidroll%2526devcountry%253D%2526usid%253DTIVOPLUS_USERSESSION_ID%2526devlang%253D%2526platform%253DTIVOPLUS_PLATFORM%2526devmake%253DTIVOPLUS_DEVMAKE%2526devbrand%253D%2526devmake%253DTIVOPLUS_DEVMODEL%2526devmakedate%253D") | N25: 99000006 | P25: ✔
A26: 10425 | B26: Hell’s Kitchen | C26: XUMO | D26: Live | E26: 111978 | F26: 15836622952 | G26: 515581914 | J26: HELLKXU | K26: XUMO-Hell’s Kitchen | M26: https:TIVOPLUS_BLANK//db32be3yl2hko.cloudfront.net/11302/88885129/hls/master.m3u8?ads.xumo_channelId=88885129&ads.caid=FilmRise&ads.csid=tivo_us_hellskitchen_ssai&ads.coppa=0&ads.provider_id=260&ads.content_producer_id=260&ads.content_producer=FilmRise&ads.content_network=FilmRise&ads.xumo_streamId=88885129&ads.content_length=&ads.content_language=en&ads.content_category=IAB17&ads.content_genre=Television&ads.content_rating=tv14&ads.content_channel=HellsKitchen&ads.app_name=TIVOPLUS_APPNAME&ads.app_version=TIVOPLUS_APP_VERSION&ads.app_bundle=tivo.entertainment&ads.did=TIVOPLUS_DEV_ID&ads.did_type=TIVOPLUS_DEV_TYPE&ads.is_lat=TIVOPLUS_DEV_LAT&ads.us_privacy=TIVOPLUS_USPRIVACY&ads.gdpr=&ads.gdpr_consent=&ads.app_domain=tivo.com&ads.device_type=TIVOPLUS_OPENRTB_DEVTYPE&ads.app_store_url=&ads.tivo_kvps=partnername%253DXumo%2526mvpd%253DTIVOPLUS_MVPD%2526adunittype%253DTIVOPLUS_ADUNIT_TYPE%2526sz%253D1920x1080%2526contenttype%253DLinear%2526uxloc%253DInapp%2526apptype%253DEntertainment%2526videotype%253Dmidroll%2526devcountry%253D%2526usid%253DTIVOPLUS_USERSESSION_ID%2526devlang%253D%2526platform%253DTIVOPLUS_PLATFORM%2526devmake%253DTIVOPLUS_DEVMAKE%2526devbrand%253D%2526devmake%253DTIVOPLUS_DEVMODEL%2526devmakedate%253D_ID%2526devlang%253D%2526platform%253DTIVOPLUS_PLATFORM%2526devmake%253DTIVOPLUS_DEVMAKE%2526devbrand%253D%2526devmake%253DTIVOPLUS_DEVMODEL%2526devmakedate%253D") | N26: 99000007 | P26: ✔
A27: 10426 | C27: XUMO
A28: 10427 | C28: XUMO
A29: 10428 | C29: XUMO
A30: 10429 | C30: XUMO
A31: 10430 | B31: Forensic Files | C31: XUMO | D31: Live | E31: 111976 | F31: 15836609091 | G31: 515581902 | J31: FORFLXU | K31: XUMO-Forensic Files | M31: https:TIVOPLUS_BLANK//db32be3yl2hko.cloudfront.net/11302/88885136/hls/master.m3u8?ads.xumo_channelId=88885136&ads.caid=ForensicFiles&ads.csid=tivo_ca_forensicfiles_ssai&ads.coppa=0&ads.provider_id=260&ads.content_producer_id=260&ads.content_producer=FilmRise&ads.content_network=FilmRise&ads.xumo_streamId=88885136&ads.content_length=&ads.content_language=en&ads.content_category=IAB17&ads.content_genre=Television&ads.content_rating=tv14&ads.content_channel=ForensicFiles&ads.app_name=TIVOPLUS_APPNAME&ads.app_version=TIVOPLUS_APP_VERSION&ads.app_bundle=tivo.entertainment&ads.did=TIVOPLUS_DEV_ID&ads.did_type=TIVOPLUS_DEV_TYPE&ads.is_lat=TIVOPLUS_DEV_LAT&ads.us_privacy=TIVOPLUS_USPRIVACY&ads.gdpr=&ads.gdpr_consent=&ads.app_domain=tivo.com&ads.device_type=TIVOPLUS_OPENRTB_DEVTYPE&ads.app_store_url=&ads.tivo_kvps=partnername%253DXumo%2526mvpd%253DTIVOPLUS_MVPD%2526adunittype%253DTIVOPLUS_ADUNIT_TYPE%2526sz%253D1920x1080%2526contenttype%253DLinear%2526uxloc%253DInapp%2526apptype%253DEntertainment%2526videotype%253Dmidroll%2526devcountry%253D%2526usid%253DTIVOPLUS_USERSESSION_ID%2526devlang%253D%2526platform%253DTIVOPLUS_PLATFORM%2526devmake%253DTIVOPLUS_DEVMAKE%2526devbrand%253D%2526devmake%253DTIVOPLUS_DEVMODEL%2526devmakedate%253D") | N31: 99000008 | P31: ✔
A32: 10431 | B32: Unsolved Mysteries | C32: XUMO | D32: Live | E32: 99303 | F32: 8319038138 | G32: 420272283 | J32: UNSLMYST | K32: XUMO-Unsolved Mysteries | M32: https:TIVOPLUS_BLANK//db32be3yl2hko.cloudfront.net/11302/88885018/hls/master.m3u8?ads.xumo_channelId=88885018&ads.caid=UnsolvedMysteries&ads.csid=tivo_unsolvedmysteries_ssai&ads.coppa=0&ads.provider_id=260&ads.content_producer_id=260&ads.content_producer=FilmRise&ads.content_network=FilmRise&ads.xumo_streamId=88885018&ads.content_length=&ads.content_language=en&ads.content_category=IAB17&ads.content_genre=Television&ads.content_rating=tv14&ads.content_channel=UnsolvedMyseries&ads.app_name=TIVOPLUS_APPNAME&ads.app_version=TIVOPLUS_APP_VERSION&ads.app_bundle=tivo.entertainment&ads.did=TIVOPLUS_DEV_ID&ads.did_type=TIVOPLUS_DEV_TYPE&ads.is_lat=TIVOPLUS_DEV_LAT&ads.us_privacy=TIVOPLUS_USPRIVACY&ads.gdpr=&ads.gdpr_consent=&ads.app_domain=tivo.com&ads.device_type=TIVOPLUS_OPENRTB_DEVTYPE&ads.app_store_url=&ads.tivo_kvps=partnername%253DXumo%2526mvpd%253DTIVOPLUS_MVPD%2526adunittype%253DTIVOPLUS_ADUNIT_TYPE%2526sz%253D1920x1080%2526contenttype%253DLinear%2526uxloc%253DInapp%2526apptype%253DEntertainment%2526videotype%253Dmidroll%2526devcountry%253D%2526usid%253DTIVOPLUS_USERSESSION_ID%2526devlang%253D%2526platform%253DTIVOPLUS_PLATFORM%2526devmake%253DTIVOPLUS_DEVMAKE%2526devbrand%253D%2526devmake%253DTIVOPLUS_DEVMODEL%2526devmakedate%253D | N32: 99000009 | P32: ✔
A33: 10432 | C33: XUMO
A34: 10433 | C34: XUMO
A35: 10434 | C35: XUMO
A36: 10435 | C36: XUMO
A37: 10436 | C37: XUMO
A38: 10437 | B38: Untold Stories of the ER | C38: XUMO | D38: Live | E38: 111987 | F38: 15836631635 | G38: 515581916 | J38: UNTSTORXU | K38: XUMO-Untold Stories of the ER | M38: https:TIVOPLUS_BLANK//db32be3yl2hko.cloudfront.net/11302/88885132/hls/master.m3u8?ads.xumo_channelId=88885132&ads.caid=FilmRise&ads.csid=tivo_us_untoldstoriesoftheer_ssai&ads.coppa=0&ads.provider_id=260&ads.content_producer_id=260&ads.content_producer=FilmRise&ads.content_network=FilmRise&ads.xumo_streamId=88885132&ads.content_length=&ads.content_language=en&ads.content_category=IAB17&ads.content_genre=Television&ads.content_rating=tv14&&ads.content_channel=UntoldStoriesOfTheER&ads.app_name=TIVOPLUS_APPNAME&ads.app_version=TIVOPLUS_APP_VERSION&ads.app_bundle=tivo.entertainment&ads.did=TIVOPLUS_DEV_ID&ads.did_type=TIVOPLUS_DEV_TYPE&ads.is_lat=TIVOPLUS_DEV_LAT&ads.us_privacy=TIVOPLUS_USPRIVACY&ads.gdpr=&ads.gdpr_consent=&ads.app_domain=tivo.com&ads.device_type=TIVOPLUS_OPENRTB_DEVTYPE&ads.app_store_url=&ads.tivo_kvps=partnername%253DXumo%2526mvpd%253DTIVOPLUS_MVPD%2526adunittype%253DTIVOPLUS_ADUNIT_TYPE%2526sz%253D1920x1080%2526contenttype%253DLinear%2526uxloc%253DInapp%2526apptype%253DEntertainment%2526videotype%253Dmidroll%2526devcountry%253D%2526usid%253DTIVOPLUS_USERSESSION_ID%2526devlang%253D%2526platform%253DTIVOPLUS_PLATFORM%2526devmake%253DTIVOPLUS_DEVMAKE%2526devbrand%253D%2526devmake%253DTIVOPLUS_DEVMODEL%2526devmakedate%253D | N38: 99000010 | P38: ✔
A39: 10438 | B39: Dr. G: Medical Examiner | C39: XUMO | D39: Live | E39: 111973 | F39: 15836593580 | G39: 515581899 | J39: DRGXU | K39: XUMO-Dr. G: Medical Examiner | M39: https:TIVOPLUS_BLANK//db32be3yl2hko.cloudfront.net/11302/88885124/hls/master.m3u8?ads.xumo_channelId=88885124&ads.caid=FilmRiseCA&ads.csid=tivo_ca_drgmedicalexaminer_ssai&ads.coppa=0&ads.provider_id=1082&ads.content_producer_id=1082&ads.content_producer=FilmRiseCA&ads.content_network=FilmRiseCA&ads.xumo_streamId=88885124&ads.content_length=&ads.content_language=en&ads.content_category=IAB17&ads.content_genre=Television&ads.content_rating=tv14&ads.content_channel=DrGMedicalExaminer&ads.app_name=TIVOPLUS_APPNAME&ads.app_version=TIVOPLUS_APP_VERSION&ads.app_bundle=tivo.entertainment&ads.did=TIVOPLUS_DEV_ID&ads.did_type=TIVOPLUS_DEV_TYPE&ads.is_lat=TIVOPLUS_DEV_LAT&ads.us_privacy=TIVOPLUS_USPRIVACY&ads.gdpr=&ads.gdpr_consent=&ads.app_domain=tivo.com&ads.device_type=TIVOPLUS_OPENRTB_DEVTYPE&ads.app_store_url=&ads.tivo_kvps=partnername%253DXumo%2526mvpd%253DTIVOPLUS_MVPD%2526adunittype%253DTIVOPLUS_ADUNIT_TYPE%2526sz%253D1920x1080%2526contenttype%253DLinear%2526uxloc%253DInapp%2526apptype%253DEntertainment%2526videotype%253Dmidroll%2526devcountry%253D%2526usid%253DTIVOPLUS_USERSESSION_ID%2526devlang%253D%2526platform%253DTIVOPLUS_PLATFORM%2526devmake%253DTIVOPLUS_DEVMAKE%2526devbrand%253D%2526devmake%253DTIVOPLUS_DEVMODEL%2526devmakedate%253D") | N39: 99000011 | P39: ✔
A40: 10439 | C40: XUMO
A41: 10440 | C41: XUMO
A42: 10441 | C42: XUMO
A43: 10442 | B43: Cheaters | C43: XUMO | D43: Live | E43: 111971 | F43: 15836548374 | G43: 515581911 | J43: CHEATXU | K43: XUMO-Cheaters | M43: https:TIVOPLUS_BLANK//db32be3yl2hko.cloudfront.net/11302/88885135/hls/master.m3u8?ads.xumo_channelId=88885135&ads.caid=Cheaters&ads.csid=tivo_us_filmrisecheaters_ssai&ads.coppa=0&ads.provider_id=260&ads.content_producer_id=260&ads.content_producer=FilmRise&ads.content_network=FilmRise&ads.xumo_streamId=88885135&ads.content_length=&ads.content_language=en&ads.content_category=IAB1-7&ads.content_genre=Television&ads.content_rating=tv14&ads.content_channel=Cheaters&ads.app_name=TIVOPLUS_APPNAME&ads.app_version=TIVOPLUS_APP_VERSION&ads.app_bundle=tivo.entertainment&ads.did=TIVOPLUS_DEV_ID&ads.did_type=TIVOPLUS_DEV_TYPE&ads.is_lat=TIVOPLUS_DEV_LAT&ads.us_privacy=TIVOPLUS_USPRIVACY&ads.gdpr=&ads.gdpr_consent=&ads.app_domain=tivo.com&ads.device_type=TIVOPLUS_OPENRTB_DEVTYPE&ads.app_store_url=&ads.tivo_kvps=partnername%253DXumo%2526mvpd%253DTIVOPLUS_MVPD%2526adunittype%253DTIVOPLUS_ADUNIT_TYPE%2526sz%253D1920x1080%2526contenttype%253DLinear%2526uxloc%253DInapp%2526apptype%253DEntertainment%2526videotype%253Dmidroll%2526devcountry%253D%2526usid%253DTIVOPLUS_USERSESSION_ID%2526devlang%253D%2526platform%253DTIVOPLUS_PLATFORM%2526devmake%253DTIVOPLUS_DEVMAKE%2526devbrand%253D%2526devmake%253DTIVOPLUS_DEVMODEL%2526devmakedate%253D") | N43: 99000012 | P43: ✔
A44: 10443 | C44: XUMO
A45: 10444 | C45: XUMO
A46: 10445 | C46: XUMO
A47: 10446 | C47: XUMO
A48: 10447 | B48: Supermarket Sweep | C48: XUMO | D48: Live | E48: 111985 | F48: 15836630978 | G48: 515581908 | J48: SUPMXU | K48: XUMO-Supermarket Sweep | M48: https:TIVOPLUS_BLANK//db32be3yl2hko.cloudfront.net/11302/88885100/hls/playlist.m3u8?ads.xumo_channelId=88885100&ads.caid=FreemantleSuperMarketSweep&ads.csid=tivo_freemantlesupermarketsweep_ssai&ads.coppa=0&ads.provider_id=3544&ads.content_producer_id=3544&ads.content_producer=FreemantleSuperMarketSweep&ads.content_network=FreemantleSuperMarketSweep&ads.xumo_streamId=88885100&ads.content_length=&ads.content_language=en&ads.content_category=IAB17&ads.content_genre=Television&ads.content_rating=&ads.content_channel=SuperMarketSweep&ads.app_name=TIVOPLUS_APPNAME&ads.app_version=TIVOPLUS_APP_VERSION&ads.app_bundle=tivo.entertainment&ads.did=TIVOPLUS_DEV_ID&ads.did_type=TIVOPLUS_DEV_TYPE&ads.is_lat=TIVOPLUS_DEV_LAT&ads.us_privacy=TIVOPLUS_USPRIVACY&ads.gdpr=&ads.gdpr_consent=&ads.app_domain=tivo.com&ads.device_type=TIVOPLUS_OPENRTB_DEVTYPE&ads.app_store_url=&ads.tivo_kvps=partnername%253DXumo%2526mvpd%253DTIVOPLUS_MVPD%2526adunittype%253DTIVOPLUS_ADUNIT_TYPE%2526sz%253D1920x1080%2526contenttype%253DLinear%2526uxloc%253DInapp%2526apptype%253DEntertainment%2526videotype%253Dmidroll%2526devcountry%253D%2526usid%253DTIVOPLUS_USERSESSION_ID%2526devlang%253D%2526platform%253DTIVOPLUS_PLATFORM%2526devmake%253DTIVOPLUS_DEVMAKE%2526devbrand%253D%2526devmake%253DTIVOPLUS_DEVMODEL%2526devmakedate%253D | N48: 99000013 | P48: ✔
A49: 10448 | C49: XUMO
A50: 10449 | C50: XUMO
A51: 10450 | C51: XUMO
A52: 10451 | B52: Antiques Roadshow | C52: XUMO | D52: Live | E52: 111968 | F52: 15836287183 | G52: 515581903 | J52: ANTRSXU | K52: XUMO-Antiques Roadshow | M52: https:TIVOPLUS_BLANK//db32be3yl2hko.cloudfront.net/11302/88885134/hls/playlist.m3u8?ads.xumo_channelId=88885134&ads.caid=PBSAntiquesRoadshowUS&ads.csid=tivo_us_pbsantiquesroadshowus_ssai&ads.coppa=0&ads.provider_id=3861&ads.content_producer_id=3861&ads.content_producer=PBSAntiquesRoadshowUS&ads.content_network=PBSAntiquesRoadshowUS&ads.xumo_streamId=88885134&ads.content_length=&ads.content_language=en&ads.content_category=IAB17&ads.content_genre=Television&ads.content_rating=tvpg&ads.content_channel=AntiquesRoadshow&ads.app_name=TIVOPLUS_APPNAME&ads.app_version=TIVOPLUS_APP_VERSION&ads.app_bundle=tivo.entertainment&ads.did=TIVOPLUS_DEV_ID&ads.did_type=TIVOPLUS_DEV_TYPE&ads.is_lat=TIVOPLUS_DEV_LAT&ads.us_privacy=TIVOPLUS_USPRIVACY&ads.gdpr=&ads.gdpr_consent=&ads.app_domain=tivo.com&ads.device_type=TIVOPLUS_OPENRTB_DEVTYPE&ads.app_store_url=&ads.tivo_kvps=partnername%253DXumo%2526mvpd%253DTIVOPLUS_MVPD%2526adunittype%253DTIVOPLUS_ADUNIT_TYPE%2526sz%253D1920x1080%2526contenttype%253DLinear%2526uxloc%253DInapp%2526apptype%253DEntertainment%2526videotype%253Dmidroll%2526devcountry%253D%2526usid%253DTIVOPLUS_USERSESSION_ID%2526devlang%253D%2526platform%253DTIVOPLUS_PLATFORM%2526devmake%253DTIVOPLUS_DEVMAKE%2526devbrand%253D%2526devmake%253DTIVOPLUS_DEVMODEL%2526devmakedate%253D") | N52: 99000014 | P52: ✔
A53: 10452 | B53: Antiques Road Trip | C53: XUMO | D53: Live | E53: 111967 | F53: 15836284916 | G53: 515581904 | J53: ANTQXU | K53: XUMO-Antiques Road Trip | M53: https:TIVOPLUS_BLANK//db32be3yl2hko.cloudfront.net/11302/88885133/hls/playlist.m3u8?ads.xumo_channelId=88885133&ads.caid=PBSAntiquesRoadTrip&ads.csid=tivo_us_pbsantiquesroadtrip_ssai&ads.coppa=0&ads.provider_id=4114&ads.content_producer_id=4114&ads.content_producer=PBSAntiquesRoadTrip&ads.content_network=PBSAntiquesRoadTrip&ads.xumo_streamId=88885133&ads.content_length=&ads.content_language=en&ads.content_category=IAB1-7&ads.content_genre=Television&ads.content_rating=tv-pg&ads.content_channel=AntiquesRoadTrip&ads.app_name=TIVOPLUS_APPNAME&ads.app_version=TIVOPLUS_APP_VERSION&ads.app_bundle=tivo.entertainment&ads.did=TIVOPLUS_DEV_ID&ads.did_type=TIVOPLUS_DEV_TYPE&ads.is_lat=TIVOPLUS_DEV_LAT&ads.us_privacy=TIVOPLUS_USPRIVACY&ads.gdpr=&ads.gdpr_consent=&ads.app_domain=tivo.com&ads.device_type=TIVOPLUS_OPENRTB_DEVTYPE&ads.app_store_url=&ads.tivo_kvps=partnername%253DXumo%2526mvpd%253DTIVOPLUS_MVPD%2526adunittype%253DTIVOPLUS_ADUNIT_TYPE%2526sz%253D1920x1080%2526contenttype%253DLinear%2526uxloc%253DInapp%2526apptype%253DEntertainment%2526videotype%253Dmidroll%2526devcountry%253D%2526usid%253DTIVOPLUS_USERSESSION_ID%2526devlang%253D%2526platform%253DTIVOPLUS_PLATFORM%2526devmake%253DTIVOPLUS_DEVMAKE%2526devbrand%253D%2526devmake%253DTIVOPLUS_DEVMODEL%2526devmakedate%253D") | N53: 99000015 | P53: ✔
A54: 10453 | C54: XUMO
A55: 10454 | C55: XUMO
A56: 10455 | C56: XUMO
A57: 10456 | C57: XUMO
A58: 10457 | B58: Billiards TV | C58: XUMO | D58: Live | E58: 111969 | F58: 15836548372 | G58: 515581907 | J58: BILLRDXU | K58: XUMO-Billiards TV | M58: https:TIVOPLUS_BLANK//db32be3yl2hko.cloudfront.net/11302/88885091/hls/billi.m3u8?ads.xumo_channelId=88885091a&ads.caid=TripleBMediaBilliard&ads.csid=tivo_triplebmediabilliard_ssai&ads.coppa=0&ads.provider_id=2728&ads.content_producer_id=2728&ads.content_producer=TripleBMediaBilliard&ads.content_network=TripleBMediaBilliard&ads.xumo_streamId=88885091&ads.content_length=&ads.content_language=en&ads.content_category=IAB17&ads.content_genre=Sports&ads.content_rating=tv-pg&ads.content_channel=TripleBMediaBilliard&ads.app_name=TIVOPLUS_APPNAME&ads.app_version=TIVOPLUS_APP_VERSION&ads.app_bundle=tivo.entertainment&ads.did=TIVOPLUS_DEV_ID&ads.did_type=TIVOPLUS_DEV_TYPE&ads.is_lat=TIVOPLUS_DEV_LAT&ads.us_privacy=TIVOPLUS_USPRIVACY&ads.gdpr=&ads.gdpr_consent=&ads.app_domain=tivo.com&ads.device_type=TIVOPLUS_OPENRTB_DEVTYPE&ads.app_store_url=&ads.tivo_kvps=partnername%253DXumo%2526mvpd%253DTIVOPLUS_MVPD%2526adunittype%253DTIVOPLUS_ADUNIT_TYPE%2526sz%253D1920x1080%2526contenttype%253DLinear%2526uxloc%253DIn-app%2526apptype%253DEntertainment%2526videotype%253Dmid-roll%2526devcountry%253D%2526usid%253DTIVOPLUS_USERSESSION_ID%2526devlang%253D%2526platform%253DTIVOPLUS_PLATFORM%2526devmake%253DTIVOPLUS_DEVMAKE%2526devbrand%253D%2526devmake%253DTIVOPLUS_DEVMODEL%2526devmakedate%253D") | N58: 99000016 | P58: ✔
A59: 10458 | C59: XUMO
A60: 10459 | C60: XUMO
A61: 10460 | B61: ACL Cornhole | C61: XUMO | D61: Live | E61: 111966 | F61: 15836283923 | G61: 515581906 | J61: ACLCXU | K61: XUMO-ACL Cornhole | M61: https:TIVOPLUS_BLANK//db32be3yl2hko.cloudfront.net/11302/88885093/hls/aclco.m3u8?ads.xumo_channelId=88885093a&ads.caid=TripleBMediaACLCornhole&ads.csid=tivo_triplebmediaaclcornhole_ssai&ads.coppa=0&ads.provider_id=3483&ads.content_producer_id=3483&ads.content_producer=TripleBMediaACLCornhole&ads.content_network=TripleBMediaACLCornhole&ads.xumo_streamId=88885093&ads.content_length=&ads.content_language=en&ads.content_category=IAB17&ads.content_genre=Sports&ads.content_rating=tv-pg&ads.content_channel=ACLCornhole&ads.app_name=TIVOPLUS_APPNAME&ads.app_version=TIVOPLUS_APP_VERSION&ads.app_bundle=tivo.entertainment&ads.did=TIVOPLUS_DEV_ID&ads.did_type=TIVOPLUS_DEV_TYPE&ads.is_lat=TIVOPLUS_DEV_LAT&ads.us_privacy=TIVOPLUS_USPRIVACY&ads.gdpr=&ads.gdpr_consent=&ads.app_domain=tivo.com&ads.device_type=TIVOPLUS_OPENRTB_DEVTYPE&ads.app_store_url=&ads.tivo_kvps=partnername%253DXumo%2526mvpd%253DTIVOPLUS_MVPD%2526adunittype%253DTIVOPLUS_ADUNIT_TYPE%2526sz%253D1920x1080%2526contenttype%253DLinear%2526uxloc%253DIn-app%2526apptype%253DEntertainment%2526videotype%253Dmid-roll%2526devcountry%253D%2526usid%253DTIVOPLUS_USERSESSION_ID%2526devlang%253D%2526platform%253DTIVOPLUS_PLATFORM%2526devmake%253DTIVOPLUS_DEVMAKE%2526devbrand%253D%2526devmake%253DTIVOPLUS_DEVMODEL%2526devmakedate%253D") | N61: 99000017 | P61: ✔
A62: 10461 | C62: XUMO
A63: 10462 | C63: XUMO
A64: 10463 | C64: XUMO
A65: 10464 | B65: Speedvision | C65: XUMO | D65: Live | E65: 111984 | F65: 15836630433 | G65: 515581909 | J65: SPEEDXU | K65: XUMO-Speedvision | M65: https:TIVOPLUS_BLANK//db32be3yl2hko.cloudfront.net/11302/88885090/hls/playlist.m3u8?ads.xumo_channelId=88885090&ads.caid=SPEEDVISION&ads.csid=tivo_speedvision_ssai&ads.coppa=0&ads.provider_id=3973&ads.content_producer_id=3973&ads.content_producer=SPEEDVISION&ads.content_network=SPEEDVISION&ads.xumo_streamId=88885090&ads.content_length=&ads.content_language=en&ads.content_category=IAB17&ads.content_genre=Sports&ads.content_rating=tvpg&ads.content_channel=Speedvivion&ads.app_name=TIVOPLUS_APPNAME&ads.app_version=TIVOPLUS_APP_VERSION&ads.app_bundle=tivo.entertainment&ads.did=TIVOPLUS_DEV_ID&ads.did_type=TIVOPLUS_DEV_TYPE&ads.is_lat=TIVOPLUS_DEV_LAT&ads.us_privacy=TIVOPLUS_USPRIVACY&ads.gdpr=&ads.gdpr_consent=&ads.app_domain=tivo.com&ads.device_type=TIVOPLUS_OPENRTB_DEVTYPE&ads.app_store_url=&ads.tivo_kvps=partnername%253DXumo%2526mvpd%253DTIVOPLUS_MVPD%2526adunittype%253DTIVOPLUS_ADUNIT_TYPE%2526sz%253D1920x1080%2526contenttype%253DLinear%2526uxloc%253DInapp%2526apptype%253DEntertainment%2526videotype%253Dmidroll%2526devcountry%253D%2526usid%253DTIVOPLUS_USERSESSION_ID%2526devlang%253D%2526platform%253DTIVOPLUS_PLATFORM%2526devmake%253DTIVOPLUS_DEVMAKE%2526devbrand%253D%2526devmake%253DTIVOPLUS_DEVMODEL%2526devmakedate%253D") | N65: 99000018 | P65: ✔
A66: 10465 | C66: XUMO
A67: 10466 | C67: XUMO
A68: 10467 | C68: XUMO
A69: 10468 | B69: Boxing TV | C69: XUMO | D69: Live | E69: 111970 | F69: 15836548373 | G69: 515581912 | J69: BOXTVXU | K69: XUMO-Boxing TV | M69: https:TIVOPLUS_BLANK//db32be3yl2hko.cloudfront.net/11302/88885092/hls/bxntv.m3u8?ads.xumo_channelId=88885092a&ads.caid=TripleBMediaBoxingTV&ads.csid=tivo_triplebmediaboxingtv_ssai&ads.coppa=0&ads.provider_id=3771&ads.content_producer_id=3771&ads.content_producer=TripleBMediaBoxingTV&ads.content_network=TripleBMediaBoxingTV&ads.xumo_streamId=88885092&ads.content_length=&ads.content_language=en&ads.content_category=IAB17&ads.content_genre=Sports&ads.content_rating=tv-14&ads.content_channel=TripleBMediaBoxingTV&ads.app_name=TIVOPLUS_APPNAME&ads.app_version=TIVOPLUS_APP_VERSION&ads.app_bundle=tivo.entertainment&ads.did=TIVOPLUS_DEV_ID&ads.did_type=TIVOPLUS_DEV_TYPE&ads.is_lat=TIVOPLUS_DEV_LAT&ads.us_privacy=TIVOPLUS_USPRIVACY&ads.gdpr=&ads.gdpr_consent=&ads.app_domain=tivo.com&ads.device_type=TIVOPLUS_OPENRTB_DEVTYPE&ads.app_store_url=&ads.tivo_kvps=partnername%253DXumo%2526mvpd%253DTIVOPLUS_MVPD%2526adunittype%253DTIVOPLUS_ADUNIT_TYPE%2526sz%253D1920x1080%2526contenttype%253DLinear%2526uxloc%253DIn-app%2526apptype%253DEntertainment%2526videotype%253Dmid-roll%2526devcountry%253D%2526usid%253DTIVOPLUS_USERSESSION_ID%2526devlang%253D%2526platform%253DTIVOPLUS_PLATFORM%2526devmake%253DTIVOPLUS_DEVMAKE%2526devbrand%253D%2526devmake%253DTIVOPLUS_DEVMODEL%2526devmakedate%253D") | N69: 99000019 | P69: ✔
A70: 10469 | C70: XUMO
A71: 10470 | C71: XUMO
A72: 10471 | C72: XUMO
A73: 10472 | C73: XUMO
A74: 10473 | C74: XUMO
A75: 10474 | C75: XUMO
A76: 10475 | C76: XUMO
A77: 10476 | C77: XUMO
A78: 10477 | C78: XUMO
A79: 10478 | C79: XUMO
A80: 10479 | C80: XUMO
A81: 10480 | C81: XUMO
... A83: 10482 | C83: XUMO
A84: 10483 | B84: Movie Music by Stingray | C84: XUMO | D84: Live | E84: 109826 | F84: 14663760666 | G84: 500453478 | J84: STMMXU | K84: XUMO-Movie Music by Stingray | M84: https:TIVOPLUS_BLANK//db32be3yl2hko.cloudfront.net/11302/88885118/hls/master.m3u8?ads.xumo_channelId=88885118&ads.caid=StingrayCMusicUS&ads.csid=tivo_stingraycmusicus_ssai&ads.coppa=0&ads.provider_id=3922&ads.content_producer_id=3922&ads.content_producer=stingraycmusicus&ads.content_network=stingraycmusicus&ads.xumo_streamId=88885118&ads.content_length=&ads.content_language=en&ads.content_category=IAB1-6&ads.content_genre=Music&ads.content_rating=tv-g&ads.content_channel=StingrayCMusic&ads.app_name=TIVOPLUS_APPNAME&ads.app_version=TIVOPLUS_APP_VERSION&ads.app_bundle=tivo.entertainment&ads.did=TIVOPLUS_DEV_ID&ads.did_type=TIVOPLUS_DEV_TYPE&ads.is_lat=TIVOPLUS_DEV_LAT&ads.us_privacy=TIVOPLUS_USPRIVACY&ads.gdpr=&ads.gdpr_consent=&ads.app_domain=tivo.com&ads.device_type=TIVOPLUS_OPENRTB_DEVTYPE&ads.app_store_url=&ads.tivo_kvps=partnername%253DXumo%2526mvpd%253DTIVOPLUS_MVPD%2526adunittype%253DTIVOPLUS_ADUNIT_TYPE%2526sz%253D1920x1080%2526contenttype%253DLinear%2526uxloc%253DIn-app%2526apptype%253DEntertainment%2526videotype%253Dmid-roll%2526devcountry%253D%2526usid%253DTIVOPLUS_USERSESSION_ID%2526devlang%253D%2526platform%253DTIVOPLUS_PLATFORM%2526devmake%253DTIVOPLUS_DEVMAKE%2526devbrand%253D%2526devmake%253DTIVOPLUS_DEVMODEL%2526devmakedate%253D") | N84: 99000020 | P84: ✔
A85: 10484 | C85: XUMO
A86: 10485 | C86: XUMO
A87: 10486 | C87: XUMO
A88: 10487 | B88: Stingray DJAZZ | C88: XUMO | D88: Live | E88: 109827 | F88: 14663760667 | G88: 500453483 | J88: STDJAXU | K88: XUMO-Stingray DJAZZ | M88: https:TIVOPLUS_BLANK//db32be3yl2hko.cloudfront.net/11302/88885119/hls/master.m3u8?ads.xumo_channelId=88885119&ads.caid=StingrayDJAZZ&ads.csid=tivo_stingraydjazz_ssai&ads.coppa=0&ads.provider_id=3909&ads.content_producer_id=3909&ads.content_producer=StingrayDjazz&ads.content_network=StingrayDjazz&ads.xumo_streamId=88885119&ads.content_length=&ads.content_language=en&ads.content_category=IAB1-6&ads.content_genre=Music&ads.content_rating=tv-g&ads.content_channel=StingrayDJAZZ&ads.app_name=TIVOPLUS_APPNAME&ads.app_version=TIVOPLUS_APP_VERSION&ads.app_bundle=tivo.entertainment&ads.did=TIVOPLUS_DEV_ID&ads.did_type=TIVOPLUS_DEV_TYPE&ads.is_lat=TIVOPLUS_DEV_LAT&ads.us_privacy=TIVOPLUS_USPRIVACY&ads.gdpr=&ads.gdpr_consent=&ads.app_domain=tivo.com&ads.device_type=TIVOPLUS_OPENRTB_DEVTYPE&ads.app_store_url=&ads.tivo_kvps=partnername%253DXumo%2526mvpd%253DTIVOPLUS_MVPD%2526adunittype%253DTIVOPLUS_ADUNIT_TYPE%2526sz%253D1920x1080%2526contenttype%253DLinear%2526uxloc%253DIn-app%2526apptype%253DEntertainment%2526videotype%253Dmid-roll%2526devcountry%253D%2526usid%253DTIVOPLUS_USERSESSION_ID%2526devlang%253D%2526platform%253DTIVOPLUS_PLATFORM%2526devmake%253DTIVOPLUS_DEVMAKE%2526devbrand%253D%2526devmake%253DTIVOPLUS_DEVMODEL%2526devmakedate%253D") | N88: 99000021 | P88: ✔
A89: 10488 | C89: XUMO
A90: 10489 | C90: XUMO
A91: 10490 | C91: XUMO
A92: 10491 | B92: Stingray Holidayscapes | C92: XUMO | D92: Live | E92: 109829 | F92: 14663760669 | G92: 500453479 | J92: HOLIYXU | K92: XUMO-Stingray Holidayscapes | M92: https:TIVOPLUS_BLANK//db32be3yl2hko.cloudfront.net/11302/88885120/hls/master.m3u8?ads.xumo_channelId=88885120&ads.caid=StingrayHolidayscapes&ads.csid=tivo_stingrayholidayscapes_ssai&ads.coppa=0&ads.provider_id=4001&ads.content_producer_id=4001&ads.content_producer=StingrayHolidayscapes&ads.content_network=StingrayHolidayscapes&ads.xumo_streamId=88885120&ads.content_length=&ads.content_language=en&ads.content_category=IAB1-6&ads.content_genre=Music&ads.content_rating=tv-g&ads.content_channel=StingrayHolidayscapes&ads.app_name=TIVOPLUS_APPNAME&ads.app_version=TIVOPLUS_APP_VERSION&ads.app_bundle=tivo.entertainment&ads.did=TIVOPLUS_DEV_ID&ads.did_type=TIVOPLUS_DEV_TYPE&ads.is_lat=TIVOPLUS_DEV_LAT&ads.us_privacy=TIVOPLUS_USPRIVACY&ads.gdpr=&ads.gdpr_consent=&ads.app_domain=tivo.com&ads.device_type=TIVOPLUS_OPENRTB_DEVTYPE&ads.app_store_url=&ads.tivo_kvps=partnername%253DXumo%2526mvpd%253DTIVOPLUS_MVPD%2526adunittype%253DTIVOPLUS_ADUNIT_TYPE%2526sz%253D1920x1080%2526contenttype%253DLinear%2526uxloc%253DIn-app%2526apptype%253DEntertainment%2526videotype%253Dmid-roll%2526devcountry%253D%2526usid%253DTIVOPLUS_USERSESSION_ID%2526devlang%253D%2526platform%253DTIVOPLUS_PLATFORM%2526devmake%253DTIVOPLUS_DEVMAKE%2526devbrand%253D%2526devmake%253DTIVOPLUS_DEVMODEL%2526devmakedate%253D") | N92: 99000022 | P92: ✔
A93: 10492 | C93: XUMO
A94: 10493 | C94: XUMO
A95: 10494 | B95: ZenLIFE by Stingray | C95: XUMO | D95: Live | E95: 109834 | F95: 14663802428 | G95: 500453488 | J95: ZENLIXU | K95: XUMO-ZenLIFE by Stingray | M95: https:TIVOPLUS_BLANK//db32be3yl2hko.cloudfront.net/11302/88885057/hls/master.m3u8?ads.xumo_channelId=88885057&ads.caid=StingrayZenlife&ads.csid=tivo_stingrayzenlife_ssai&ads.coppa=0&ads.provider_id=3975&ads.content_producer_id=3975&ads.content_producer=StingrayZenlife&ads.content_network=StingrayZenlife&ads.xumo_streamId=88885057&ads.content_length=&ads.content_language=en&ads.content_category=IAB1-6&ads.content_genre=Music&ads.content_rating=tv-g&ads.content_channel=ZENLifeByStingray&ads.app_name=TIVOPLUS_APPNAME&ads.app_version=TIVOPLUS_APP_VERSION&ads.app_bundle=tivo.entertainment&ads.did=TIVOPLUS_DEV_ID&ads.did_type=TIVOPLUS_DEV_TYPE&ads.is_lat=TIVOPLUS_DEV_LAT&ads.us_privacy=TIVOPLUS_USPRIVACY&ads.gdpr=&ads.gdpr_consent=&ads.app_domain=tivo.com&ads.device_type=TIVOPLUS_OPENRTB_DEVTYPE&ads.app_store_url=&ads.tivo_kvps=partnername%253DXumo%2526mvpd%253DTIVOPLUS_MVPD%2526adunittype%253DTIVOPLUS_ADUNIT_TYPE%2526sz%253D1920x1080%2526contenttype%253DLinear%2526uxloc%253DIn-app%2526apptype%253DEntertainment%2526videotype%253Dmid-roll%2526devcountry%253D%2526usid%253DTIVOPLUS_USERSESSION_ID%2526devlang%253D%2526platform%253DTIVOPLUS_PLATFORM%2526devmake%253DTIVOPLUS_DEVMAKE%2526devbrand%253D%2526devmake%253DTIVOPLUS_DEVMODEL%2526devmakedate%253D") | N95: 99000023 | P95: ✔
A96: 10495 | B96: Utimate Trivia by Stingray | C96: XUMO | D96: Live | E96: 109833 | F96: 14663800817 | G96: 500453473 | J96: ULTTRVXU | K96: XUMO-Utimate Trivia by Stingray | M96: https:TIVOPLUS_BLANK//db32be3yl2hko.cloudfront.net/11302/88885123/hls/master.m3u8?ads.xumo_channelId=88885123&ads.caid=UltimateTriviabyStingray&ads.csid=tivo_ultimatetriviabystingray_ssai&ads.coppa=0&ads.provider_id=4000&ads.content_producer_id=4000&ads.content_producer=UltimateTriviabyStingray&ads.content_network=UltimateTriviabyStingray&ads.xumo_streamId=88885123&ads.content_length=&ads.content_language=en&ads.content_category=IAB1-6&ads.content_genre=Music&ads.content_rating=tv-g&ads.content_channel=UltimateTriviabyStingray&ads.app_name=TIVOPLUS_APPNAME&ads.app_version=TIVOPLUS_APP_VERSION&ads.app_bundle=tivo.entertainment&ads.did=TIVOPLUS_DEV_ID&ads.did_type=TIVOPLUS_DEV_TYPE&ads.is_lat=TIVOPLUS_DEV_LAT&ads.us_privacy=TIVOPLUS_USPRIVACY&ads.gdpr=&ads.gdpr_consent=&ads.app_domain=tivo.com&ads.device_type=TIVOPLUS_OPENRTB_DEVTYPE&ads.app_store_url=&ads.tivo_kvps=partnername%253DXumo%2526mvpd%253DTIVOPLUS_MVPD%2526adunittype%253DTIVOPLUS_ADUNIT_TYPE%2526sz%253D1920x1080%2526contenttype%253DLinear%2526uxloc%253DIn-app%2526apptype%253DEntertainment%2526videotype%253Dmid-roll%2526devcountry%253D%2526usid%253DTIVOPLUS_USERSESSION_ID%2526devlang%253D%2526platform%253DTIVOPLUS_PLATFORM%2526devmake%253DTIVOPLUS_DEVMAKE%2526devbrand%253D%2526devmake%253DTIVOPLUS_DEVMODEL%2526devmakedate%253D") | N96: 99000024 | P96: ✔
A97: 10496 | C97: XUMO
A98: 10497 | C98: XUMO
A99: 10498 | C99: XUMO
A100: 10499 | C100: XUMO
A101: 10500 | C101: XUMO
...

Sheet TMIS US
A1: Channel Number | B1: Channel Name | C1: Provider | D1: Availability | E1: Rovi 1.1 Source ID | F1: Rovi 2.0 Source ID | G1: Partner Station Id | H1: playbackUrlChannelId | I1: channelChangeId | J1: XUMO PlayURL | K1: TiVo+ Genre | L1: TMIS Platform (mATV) | M1: TMIS Unmanaged Streaming Devices
A2: 8101 | B2: CNN Headlines | C2: Pluto TV | D2: Live | E2: 100371 | F2: 9010079773 | G2: 427517053 | H2: cnn-headlines | I2: 5421f71da6af422839419cb3 | L2: ✔
A3: 8102 | B3: NBC News Now | C3: Pluto TV | D3: Live | E3: 100582 | F3: 9192516135 | G3: 429861982 | H3: nbc-news-now | I3: 5df97894467dfa00091c873c | L3: ✔
A4: 8103 | C4: Pluto TV
A5: 8104 | B5: CBS News 24/7 | C5: Pluto TV | D5: Live | E5: 100432 | F5: 9010105410 | G5: 427517050 | H5: cbs-news | I5: 5a6b92f6e22a617379789618 | L5: ✔
A6: 8105 | C6: Pluto TV
A7: 8106 | C7: Pluto TV
A8: 8107 | C8: Pluto TV
A9: 8108 | C9: Pluto TV
A10: 8109 | C10: Pluto TV
A11: 8110 | C11: Pluto TV
A12: 8111 | B12: Sky News | C12: Pluto TV | D12: Live | E12: 100417 | F12: 9010098841 | G12: 427517061 | H12: sky-news | I12: 55b285cd2665de274553d66f | L12: ✔
A13: 8112 | B13: Blaze Live | C13: Pluto TV | D13: Live | E13: 37159 | F13: 312864873 | G13: 235665557 | H13: blaze-live | I13: 5e46fba0c43b0d00096e5ac1 | L13: ✔
A14: 8113 | C14: Pluto TV
A15: 8114 | C15: Pluto TV
A16: 8115 | C16: Pluto TV
A17: 8116 | C17: Pluto TV
A18: 8117 | B18: Pluto TV Crime Movies | C18: Pluto TV | D18: Live | E18: 109771 | F18: 14580966827 | G18: 499315358 | H18: pluto-tv-crime-movies | I18: 5f4d8594eb979c0007706de7 | L18: ✔
A19: 8118 | B19: Pluto TV Westerns | C19: Pluto TV | D19: Live | E19: 100370 | F19: 9010079772 | G19: 427517072 | H19: pluto-tv-westerns-ptv1 | I19: 5b4e94282d4ec87bdcbb87cd | L19: ✔
A20: 8119 | B20: Pluto TV Action | C20: Pluto TV | D20: Live | E20: 100400 | F20: 9010089140 | G20: 427517024 | H20: pluto-tv-action | I20: 561d7d484dc7c8770484914a | L20: ✔
A21: 8120 | B21: Black Cinema | C21: Pluto TV | D21: Live | E21: 100364 | F21: 9010077077 | G21: 427517054 | H21: black-cinema | I21: 58af4c093a41ca9d4ecabe96 | L21: ✔
A22: 8121 | B22: Pluto TV Horror | C22: Pluto TV | D22: Live | E22: 100408 | F22: 9010092582 | G22: 427517034 | H22: pluto-tv-horror | I22: 569546031a619b8f07ce6e25 | L22: ✔
A23: 8122 | B23: Pluto TV Terror | C23: Pluto TV | D23: Live | E23: 100416 | F23: 9010098708 | G23: 427517019 | H23: pluto-tv-terror | I23: 5c6dc88fcd232425a6e0f06e | L23: ✔
A24: 8123 | B24: Pluto TV Sci-Fi | C24: Pluto TV | D24: Live | E24: 100413 | F24: 9010096138 | G24: 427517067 | H24: pluto-tv-sci-fi | I24: 5b4fc274694c027be6ed3eea | L24: ✔
A25: 8124 | B25: Pluto TV Comedy | C25: Pluto TV | D25: Live | E25: 100405 | F25: 9010089821 | G25: 427517068 | H25: pluto-tv-comedy | I25: 5a4d3a00ad95e4718ae8d8db | L25: ✔
A26: 8125 | B26: Pluto TV Drama | C26: Pluto TV | D26: Live | E26: 100406 | F26: 9010092184 | G26: 427517040 | H26: pluto-tv-drama | I26: 5b4e92e4694c027be6ecece1 | L26: ✔
A27: 8126 | B27: Pluto TV Fantastic | C27: Pluto TV | D27: Live | E27: 100407 | F27: 9010092350 | G27: 427517073 | H27: pluto-tv-fantastic | I27: 5b64a245a202b3337f09e51d | L27: ✔
A28: 8127 | C28: Pluto TV
A29: 8128 | B29: Pluto TV Romance | C29: Pluto TV | D29: Live | E29: 100412 | F29: 9010094694 | G29: 427571159 | H29: pluto-tv-romance | I29: 5a66795ef91fef2c7031c599 | L29: ✔
A30: 8129 | B30: Pluto TV Spotlight | C30: Pluto TV | D30: Live | E30: 100414 | F30: 9010098650 | G30: 427517026 | H30: pluto-tv-spotlight | I30: 5ba3fb9c4b078e0f37ad34e8 | L30: ✔
A31: 8130 | B31: Paramount Movie Channel | C31: Pluto TV | D31: Live | E31: 100399 | F31: 9010089139 | G31: 427517006 | H31: paramount-movie-channel | I31: 5cb0cae7a461406ffe3f5213 | L31: ✔
A32: 8131 | B32: 70's Cinema | C32: Pluto TV | D32: Live | E32: 101607 | F32: 10158522042 | G32: 442803426 | H32: 70s-cinema | I32: 5f4d878d3d19b30007d2e782 | L32: ✔
A33: 8132 | B33: 80's Rewind | C33: Pluto TV | D33: Live | E33: 101606 | F33: 10158517642 | G33: 442803415 | H33: 80s-rewind | I33: 5ca525b650be2571e3943c63 | L33: ✔
A34: 8133 | B34: 90's Throwback | C34: Pluto TV | D34: Live | E34: 101605 | F34: 10157721666 | G34: 442803411 | H34: 90s-throwback | I34: 5f4d86f519358a00072b978e | L34: ✔
A35: 8134 | C35: Pluto TV
A36: 8135 | C36: Pluto TV
A37: 8136 | C37: Pluto TV
A38: 8137 | C38: Pluto TV
A39: 8138 | B39: COPS | C39: Pluto TV | D39: Live | E39: 100375 | F39: 9010081021 | G39: 427517066 | H39: cops | I39: 5e1f7e089f23700009d66303 | L39: ✔
A40: 8139 | B40: Forensic Files | C40: Pluto TV | D40: Live | E40: 100380 | F40: 9010083617 | G40: 427517014 | H40: forensic-files | I40: 5bb1af6a268cae539bcedb0a | L40: ✔
A41: 8140 | B41: Cold Case Files by A&E | C41: Pluto TV | D41: Live | E41: 100372 | F41: 9010081018 | G41: 427517043 | H41: cold-case-files-presented-by-aande | I41: 5c37d6712de254456f7ec340 | L41: ✔
A42: 8141 | B42: 48 Hours | C42: Pluto TV | D42: Live | E42: 109747 | F42: 14580532928 | G42: 499315356 | H42: 48-hours | I42: 6176f39e709f160007ec61c3 | L42: ✔
A43: 8142 | B43: The New Detectives | C43: Pluto TV | D43: Live | E43: 100422 | F43: 9010099841 | G43: 427517042 | H43: the-new-detectives | I43: 5aea40b35126c2157123aa64 | L43: ✔
A44: 8143 | B44: Pluto TV True Crime | C44: Pluto TV | D44: Live | E44: 101613 | F44: 10158690267 | G44: 442803422 | H44: pluto-tv-true-crime | I44: 5812be1c249444e05d09cc50 | L44: ✔
A45: 8144 | C45: Pluto TV
A46: 8145 | C46: Pluto TV
A47: 8146 | C47: Pluto TV
A48: 8147 | C48: Pluto TV
A49: 8148 | B49: CSI | C49: Pluto TV | D49: Live | E49: 100376 | F49: 9010081022 | G49: 427517047 | H49: csi | I49: 5efbd29e4aa26700076c0d06 | L49: ✔
A50: 8149 | B50: CSI: Miami | C50: Pluto TV | D50: Live | E50: 109757 | F50: 14580951994 | G50: 499315289 | H50: csi-miami-ptv2 | I50: 62f54c11b3af68000702c304 | L50: ✔
A51: 8150 | B51: CSI: NY | C51: Pluto TV | D51: Live | E51: 109759 | F51: 14580957527 | G51: 499315303 | H51: csi-ny | I51: 62f54c6439183b000769fb8f | L51: ✔
A52: 8151 | B52: Pluto TV Crime Drama | C52: Pluto TV | D52: Live | E52: 101614 | F52: 10158701567 | G52: 442803400 | H52: pluto-tv-crime-drama | I52: 5f31fd1b4c510e00071c3103 | L52: ✔
A53: 8152 | B53: Midsomer Murders | C53: Pluto TV | D53: Live | E53: 100390 | F53: 9010086093 | G53: 427517046 | H53: midsomer-murders | I53: 5cbf6a868a1bce4a3d52a5e9 | L53: ✔
A54: 8153 | B54: Star Trek | C54: Pluto TV | D54: Live | E54: 100420 | F54: 9010099620 | G54: 427517076 | H54: star-trek-1 | I54: 5efbd39f8c4ce900075d7698 | L54: ✔
A55: 8154 | C55: Pluto TV
A56: 8155 | C56: Pluto TV
A57: 8156 | C57: Pluto TV
A58: 8157 | C58: Pluto TV
A59: 8158 | B59: Paramount+ Picks | C59: Pluto TV | D59: Live | E59: 109769 | F59: 14580964229 | G59: 499315351 | H59: paramount-ptv1 | I59: 5ff8c708653d080007361b14 | L59: ✔
A60: 8159 | B60: Stories by AMC | C60: Pluto TV | D60: Live | E60: 109728 | F60: 14568761564 | G60: 499197895 | H60: stories-by-amc | I60: 5e8254118601b80007b4b7ae | L60: ✔
A61: 8160 | B61: TV Land Drama | C61: Pluto TV | D61: Live | E61: 109784 | F61: 14580986141 | G61: 499315294 | H61: tv-land-drama | I61: 5d40bebc5e3d2750a2239d7e | L61: ✔
A62: 8161 | B62: Supernatural Drama | C62: Pluto TV | D62: Live | E62: 109775 | F62: 14580971546 | G62: 499315291 | H62: supernatural-drama | I62: 5f24662bebe0f0000767de32 | L62: ✔
A63: 8162 | B63: The Walking Dead Universe | C63: Pluto TV | D63: Live | E63: 110732 | F63: 15270911490 | G63: 508375947 | H63: the-walking-dead-universe | I63: 62fa8176b9884200074ef5ae | L63: ✔
A64: 8163 | B64: Pluto TV Paranormal | C64: Pluto TV | D64: Live | E64: 109772 | F64: 14580968031 | G64: 499315400 | H64: pluto-tv-paranormal | I64: 5adf96e3e738977e2c31cb04 | L64: ✔
A65: 8164 | B65: 90210 | C65: Pluto TV | D65: Live | E65: 109748 | F65: 14580607525 | G65: 499315349 | H65: 90210 | I65: 5f4d83e0a382c00007bc02e7 | L65: ✔
A66: 8165 | C66: Pluto TV
A67: 8166 | C67: Pluto TV
A68: 8167 | C68: Pluto TV
A69: 8168 | C69: Pluto TV
A70: 8169 | C70: Pluto TV
A71: 8170 | C71: Pluto TV
A72: 8171 | B72: Degrassi | C72: Pluto TV | D72: Live | E72: 109762 | F72: 14580957845 | G72: 499315399 | H72: degrassi | I72: 5c6eeb85c05dfc257e5a50c4 | L72: ✔
A73: 8172 | B73: The Beverly Hillbillies | C73: Pluto TV | D73: Live | E73: 109779 | F73: 14580986136 | G73: 499315365 | H73: beverly-hillbillies-ptv1 | I73: 5f7796e470510900070d4e3d | L73: ✔
A74: 8173 | B74: Family Ties | C74: Pluto TV | D74: Live | E74: 109763 | F74: 14580960427 | G74: 499315290 | H74: family-ties | I74: 5f77939a630f530007dde654 | L74: ✔
A75: 8174 | B75: Doctor Who Classic | C75: Pluto TV | D75: Live | E75: 100377 | F75: 9010083016 | G75: 427517075 | H75: doctor-who-classic | I75: 5ce4475cd43850831ca91ce7 | L75: ✔
A76: 8175 | B76: Best of Dr. Phil | C76: Pluto TV | D76: Live | E76: 109751 | F76: 14580912646 | G76: 499315286 | H76: best-of-dr-phil | I76: 60f760bbdf090700075d7bfe | L76: ✔
A77: 8176 | B77: The Judge Judy Channel | C77: Pluto TV | D77: Live | E77: 109781 | F77: 14580986138 | G77: 499315357 | H77: the-judge-judy-channel | I77: 6283d51144ad8f0007fa382d | L77: ✔
A78: 8177 | B78: Hot Bench | C78: Pluto TV | D78: Live | E78: 109764 | F78: 14580960428 | G78: 499315296 | H78: hot-bench | I78: 6036e6e7ac69c400072afca2 | L78: ✔
A79: 8178 | C79: Pluto TV
A80: 8179 | C80: Pluto TV
A81: 8180 | B81: TODAY All Day | C81: Pluto TV | D81: Live | E81: 100423 | F81: 9010100026 | G81: 427517020 | H81: today-1 | I81: 5d695f7db53adf96b78e7ce3 | L81: ✔
A82: 8181 | B82: The Price is Right | C82: Pluto TV | D82: Live | E82: 109782 | F82: 14580986139 | G82: 499315380 | H82: the-price-is-right | I82: 643f035d5a0cd50008361534 | L82: ✔
A83: 8182 | B83: The Price Is Right: The Barker Era | C83: Pluto TV | D83: Live | E83: 109729 | F83: 14568769872 | G83: 499197894 | H83: the-price-is-right-the-barker-era | I83: 5f7791b8372da90007fd45e6 | L83: ✔
A84: 8183 | B84: Let's Make a Deal | C84: Pluto TV | D84: Live | E84: 109766 | F84: 14580961176 | G84: 499315359 | H84: lets-make-a-deal | I84: 6267352efcf21c0007c76642 | L84: ✔
A85: 8184 | B85: BUZZR | C85: Pluto TV | D85: Live | E85: 101634 | F85: 10158885696 | G85: 442803409 | H85: buzzr | I85: 5812bfbe4ced4f7b601b12e6 | L85: ✔
A86: 8185 | B86: Deal or No Deal | C86: Pluto TV | D86: Live | E86: 101611 | F86: 10158686757 | G86: 442803414 | H86: deal-or-no-deal | I86: 5e9debf8c881310007d7bde1 | L86: ✔
A87: 8186 | B87: ET | C87: Pluto TV | D87: Live | E87: 101612 | F87: 10158687900 | G87: 442803420 | H87: et | I87: 5dc0c78281eddb0009a02d5e | L87: ✔
A88: 8187 | B88: Comedy Central Pluto TV | C88: Pluto TV | D88: Live | E88: 109755 | F88: 14580950297 | G88: 499315352 | H88: comedy-central-pluto-tv | I88: 5ca671f215a62078d2ec0abf | L88: ✔
A89: 8188 | C89: Pluto TV
A90: 8189 | B90: Tosh.0 | C90: Pluto TV | D90: Live | E90: 101615 | F90: 10158702650 | G90: 442803403 | H90: tosh-1 | I90: 5dae084727c8af0009fe40a4 | L90: ✔
A91: 8190 | B91: TV Land Sitcoms | C91: Pluto TV | D91: Live | E91: 100424 | F91: 9010100147 | G91: 427517051 | H91: tv-land-sitcoms | I91: 5c2d64ffbdf11b71587184b8 | L91: ✔
A92: 8191 | C92: Pluto TV
A93: 8192 | B93: Wild 'N Out | C93: Pluto TV | D93: Live | E93: 100428 | F93: 9010100430 | G93: 427517013 | H93: wild-n-out | I93: 5d48678d34ceb37d3c458a55 | L93: ✔
A94: 8193 | C94: Pluto TV
A95: 8194 | B95: Pluto TV Cars | C95: Pluto TV | D95: Live | E95: 100401 | F95: 9010089276 | G95: 427517011 | H95: cars | I95: 5812b3a4249444e05d09cc46 | L95: ✔
A96: 8195 | C96: Pluto TV
A97: 8196 | C97: Pluto TV
A98: 8197 | C98: Pluto TV
A99: 8198 | B99: Survivor | C99: Pluto TV | D99: Live | E99: 109776 | F99: 14580971547 | G99: 499315373 | H99: survivor-ptv1 | I99: 5f21e7b24744c60007c1f6fc | L99: ✔
A100: 8199 | B100: The Amazing Race | C100: Pluto TV | D100: Live | E100: 109778 | F100: 14580981344 | G100: 499315362 | H100: the-amazing-race | I100: 5f21e8a6e2f12b000755afdb | L100: ✔
...

Sheet TMIS CA
A1: Channel Number | B1: Channel Name | C1: Provider | D1: Availability | E1: Rovi 1.1 Source ID | F1: Rovi 2.0 Source ID | G1: Partner Station Id | H1: playbackUrlChannelId | I1: channelChangeId | J1: XUMO PlayURL | K1: TiVo+ Genre | L1: TMIS Platform (mATV) | M1: TMIS Unmanaged Streaming Devices
A2: 9001 | B2: Bloomberg TV | C2: Direct | D2: Live | E2: 113171 | F2: 16354099306 | G2: 521876205 | J2: https:TIVOPLUS_BLANK//dai.google.com/linear/hls/event/AshzBu9XTQScek7dcLQlCA/master.m3u8?devid=TIVOPLUS_DEV_ID&devlat=TIVOPLUS_DEV_LAT&gdprconsent=&platform=TIVOPLUS_PLATFORM | L2: ✔
A3: 9002 | B3: Bloomberg Originals | C3: Direct | D3: Live | E3: 113170 | F3: 16354087548 | G3: 521876204 | J3: https:TIVOPLUS_BLANK//dai.google.com/linear/hls/event/TgqE2Aw_SiKmXKQgJoVpJQ/master.m3u8?devid=TIVOPLUS_DEV_ID&devlat=TIVOPLUS_DEV_LAT&gdprconsent=&platform=TIVOPLUS_PLATFORM | L3: ✔
A4: 9003 | C4: XUMO
A5: 9004 | C5: XUMO
A6: 9005 | C6: XUMO
A7: 9006 | B7: Filmrise Canadien | C7: XUMO | D7: Live | E7: 111974 | F7: 15836602686 | G7: 515581920 | J7: https:TIVOPLUS_BLANK//db32be3yl2hko.cloudfront.net/11302/88885125/hls/master.m3u8?ads.xumo_channelId=88885125&ads.caid=FilmRiseCA&ads.csid=tivo_ca_filmrisecanadien_ssai&ads.coppa=0&ads.provider_id=1082&ads.content_producer_id=1082&ads.content_producer=FilmRiseCA&ads.content_network=FilmRiseCA&ads.xumo_streamId=88885125&ads.content_length=&ads.content_language=en&ads.content_category=IAB1-7&ads.content_genre=Television&ads.content_rating=tv14&&ads.content_channel=FilmriseCanadien&ads.app_name=TIVOPLUS_APPNAME&ads.app_version=TIVOPLUS_APP_VERSION&ads.app_bundle=tivo.entertainment&ads.did=TIVOPLUS_DEV_ID&ads.did_type=TIVOPLUS_DEV_TYPE&ads.is_lat=TIVOPLUS_DEV_LAT&ads.us_privacy=TIVOPLUS_USPRIVACY&ads.gdpr=&ads.gdpr_consent=&ads.app_domain=tivo.com&ads.device_type=TIVOPLUS_OPENRTB_DEVTYPE&ads.app_store_url=&ads.tivo_kvps=partnername%253DXumo%2526mvpd%253DTIVOPLUS_MVPD%2526adunittype%253DTIVOPLUS_ADUNIT_TYPE%2526sz%253D1920x1080%2526contenttype%253DLinear%2526uxloc%253DInapp%2526apptype%253DEntertainment%2526videotype%253Dmidroll%2526devcountry%253D%2526usid%253DTIVOPLUS_USERSESSION_ID%2526devlang%253D%2526platform%253DTIVOPLUS_PLATFORM%2526devmake%253DTIVOPLUS_DEVMAKE%2526devbrand%253D%2526devmake%253DTIVOPLUS_DEVMODEL%2526devmakedate%253D%2526devbrand%253D%2526devmake%253DTIVOPLUS_DEVMODEL%2526devmakedate%253D") | L7: ✔
A8: 9007 | C8: XUMO
A9: 9008 | C9: XUMO
A10: 9009 | C10: XUMO
A11: 9010 | C11: XUMO
A12: 9011 | B12: FilmRise Western | C12: XUMO | D12: Live | E12: 111975 | F12: 15836608730 | G12: 515581901 | J12: https:TIVOPLUS_BLANK//db32be3yl2hko.cloudfront.net/11302/88885127/hls/master.m3u8?ads.xumo_channelId=88885127&ads.caid=FilmRise&ads.csid=tivo_us_filmrisewestern_ssai&ads.coppa=0&ads.provider_id=260&ads.content_producer_id=260&ads.content_producer=FilmRise&ads.content_network=FilmRise&ads.xumo_streamId=88885127&ads.content_length=&ads.content_language=en&ads.content_category=IAB17&ads.content_genre=Television&ads.content_rating=tvpg&ads.content_channel=FilmriseWestern&ads.app_name=TIVOPLUS_APPNAME&ads.app_version=TIVOPLUS_APP_VERSION&ads.app_bundle=tivo.entertainment&ads.did=TIVOPLUS_DEV_ID&ads.did_type=TIVOPLUS_DEV_TYPE&ads.is_lat=TIVOPLUS_DEV_LAT&ads.us_privacy=TIVOPLUS_USPRIVACY&ads.gdpr=&ads.gdpr_consent=&ads.app_domain=tivo.com&ads.device_type=TIVOPLUS_OPENRTB_DEVTYPE&ads.app_store_url=&ads.tivo_kvps=partnername%253DXumo%2526mvpd%253DTIVOPLUS_MVPD%2526adunittype%253DTIVOPLUS_ADUNIT_TYPE%2526sz%253D1920x1080%2526contenttype%253DLinear%2526uxloc%253DIn-app%2526apptype%253DEntertainment%2526videotype%253Dmid-roll%2526devcountry%253D%2526usid%253DTIVOPLUS_USERSESSION_ID%2526devlang%253D%2526platform%253DTIVOPLUS_PLATFORM%2526devmake%253DTIVOPLUS_DEVMAKE%2526devbrand%253D%2526devmake%253DTIVOPLUS_DEVMODEL%2526devmakedate%253D | L12: ✔
A13: 9012 | C13: XUMO
A14: 9013 | C14: XUMO
A15: 9014 | C15: XUMO
A16: 9015 | C16: XUMO
A17: 9016 | C17: XUMO
A18: 9017 | B18: Shades of Black | C18: XUMO | D18: Live | E18: 112551 | F18: 16106044260 | G18: 519562724 | J18: https:TIVOPLUS_BLANK//db32be3yl2hko.cloudfront.net/11302/88885139/hls/playlist.m3u8?ads.xumo_channelId=88885139&ads.caid=FuseShadesofBlackCanada&ads.csid=tivo_ca_fuseshadesofblackcanada_ssai&ads.coppa=0&ads.provider_id=4032&ads.content_producer_id=4032&ads.content_producer=FuseShadesofBlackCanada&ads.content_network=FuseShadesofBlackCanada&ads.xumo_streamId=88885139&ads.content_length=&ads.content_language=en&ads.content_category=IAB1-7&ads.content_genre=Television&ads.content_rating=tv-14&ads.content_channel=ShadesofBlackCanada&ads.app_name=TIVOPLUS_APPNAME&ads.app_version=TIVOPLUS_APP_VERSION&ads.app_bundle=tivo.entertainment&ads.did=TIVOPLUS_DEV_ID&ads.did_type=TIVOPLUS_DEV_TYPE&ads.is_lat=TIVOPLUS_DEV_LAT&ads.us_privacy=TIVOPLUS_USPRIVACY&ads.gdpr=&ads.gdpr_consent=&ads.app_domain=tivo.com&ads.device_type=TIVOPLUS_OPENRTB_DEVTYPE&ads.app_store_url=&ads.tivo_kvps=partnername%253DXumo%2526mvpd%253DTIVOPLUS_MVPD%2526adunittype%253DTIVOPLUS_ADUNIT_TYPE%2526sz%253D1920x1080%2526contenttype%253DLinear%2526uxloc%253DIn-app%2526apptype%253DEntertainment%2526videotype%253Dmid-roll%2526devcountry%253D%2526usid%253DTIVOPLUS_USERSESSION_ID%2526devlang%253D%2526platform%253DTIVOPLUS_PLATFORM%2526devmake%253DTIVOPLUS_DEVMAKE%2526devbrand%253D%2526devmake%253DTIVOPLUS_DEVMODEL%2526devmakedate%253D | L18: ✔
A19: 9018 | B19: OUTtv Proud | C19: XUMO | D19: Live | E19: 112549 | F19: 16106021655 | G19: 519562723 | J19: https:TIVOPLUS_BLANK//db32be3yl2hko.cloudfront.net/11302/88885137/hls/playlist.m3u8?ads.xumo_channelId=88885137&ads.caid=FuseOutTVProud&ads.csid=tivo_us_fuseouttvproud_ssai&ads.coppa=0&ads.provider_id=4004&ads.content_producer_id=4004&ads.content_producer=FuseOutTVProud&ads.content_network=FuseOutTVProud&ads.xumo_streamId=88885137&ads.content_length=&ads.content_language=en&ads.content_category=IAB1-7&ads.content_genre=Television&ads.content_rating=tv-14&ads.content_channel=OutTVProud&ads.app_name=TIVOPLUS_APPNAME&ads.app_version=TIVOPLUS_APP_VERSION&ads.app_bundle=tivo.entertainment&ads.did=TIVOPLUS_DEV_ID&ads.did_type=TIVOPLUS_DEV_TYPE&ads.is_lat=TIVOPLUS_DEV_LAT&ads.us_privacy=TIVOPLUS_USPRIVACY&ads.gdpr=&ads.gdpr_consent=&ads.app_domain=tivo.com&ads.device_type=TIVOPLUS_OPENRTB_DEVTYPE&ads.app_store_url=&ads.tivo_kvps=partnername%253DXumo%2526mvpd%253DTIVOPLUS_MVPD%2526adunittype%253DTIVOPLUS_ADUNIT_TYPE%2526sz%253D1920x1080%2526contenttype%253DLinear%2526uxloc%253DIn-app%2526apptype%253DEntertainment%2526videotype%253Dmid-roll%2526devcountry%253D%2526usid%253DTIVOPLUS_USERSESSION_ID%2526devlang%253D%2526platform%253DTIVOPLUS_PLATFORM%2526devmake%253DTIVOPLUS_DEVMAKE%2526devbrand%253D%2526devmake%253DTIVOPLUS_DEVMODEL%2526devmakedate%253D | L19: ✔
A20: 9019 | C20: XUMO
A21: 9020 | C21: XUMO
A22: 9021 | C22: XUMO
A23: 9022 | C23: XUMO
A24: 9023 | C24: XUMO
A25: 9024 | B25: Filmrise Classic TV | C25: XUMO | D25: Live | E25: 109841 | F25: 14663826120 | G25: 500453464 | J25: https:TIVOPLUS_BLANK//db32be3yl2hko.cloudfront.net/11302/88885126/hls/master.m3u8?ads.xumo_channelId=88885126&ads.caid=FilmRiseCA&ads.csid=tivo_ca_filmriseclassictv_ssai&ads.coppa=0&ads.provider_id=1082&ads.content_producer_id=1082&ads.content_producer=FilmRiseCA&ads.content_network=FilmRiseCA&ads.xumo_streamId=88885126&ads.content_length=&ads.content_language=en&ads.content_category=IAB1-7&ads.content_genre=Television&ads.content_rating=tvpg&ads.content_channel=FilmriseClassicTV&ads.app_name=TIVOPLUS_APPNAME&ads.app_version=TIVOPLUS_APP_VERSION&ads.app_bundle=tivo.entertainment&ads.did=TIVOPLUS_DEV_ID&ads.did_type=TIVOPLUS_DEV_TYPE&ads.is_lat=TIVOPLUS_DEV_LAT&ads.us_privacy=TIVOPLUS_USPRIVACY&ads.gdpr=&ads.gdpr_consent=&ads.app_domain=tivo.com&ads.device_type=TIVOPLUS_OPENRTB_DEVTYPE&ads.app_store_url=&ads.tivo_kvps=partnername%253DXumo%2526mvpd%253DTIVOPLUS_MVPD%2526adunittype%253DTIVOPLUS_ADUNIT_TYPE%2526sz%253D1920x1080%2526contenttype%253DLinear%2526uxloc%253DIn-app%2526apptype%253DEntertainment%2526videotype%253Dmidroll%2526devcountry%253D%2526usid%253DTIVOPLUS_USERSESSION_ID%2526devlang%253D%2526platform%253DTIVOPLUS_PLATFORM%2526devmake%253DTIVOPLUS_DEVMAKE%2526devbrand%253D%2526devmake%253DTIVOPLUS_DEVMODEL%2526devmakedate%253D") | L25: ✔
A26: 9025 | B26: Hell’s Kitchen | C26: XUMO | D26: Live | E26: 111978 | F26: 15836622952 | G26: 515581914 | J26: https:TIVOPLUS_BLANK//db32be3yl2hko.cloudfront.net/11302/88885129/hls/master.m3u8?ads.xumo_channelId=88885129&ads.caid=FilmRise&ads.csid=tivo_us_hellskitchen_ssai&ads.coppa=0&ads.provider_id=260&ads.content_producer_id=260&ads.content_producer=FilmRise&ads.content_network=FilmRise&ads.xumo_streamId=88885129&ads.content_length=&ads.content_language=en&ads.content_category=IAB17&ads.content_genre=Television&ads.content_rating=tv14&ads.content_channel=HellsKitchen&ads.app_name=TIVOPLUS_APPNAME&ads.app_version=TIVOPLUS_APP_VERSION&ads.app_bundle=tivo.entertainment&ads.did=TIVOPLUS_DEV_ID&ads.did_type=TIVOPLUS_DEV_TYPE&ads.is_lat=TIVOPLUS_DEV_LAT&ads.us_privacy=TIVOPLUS_USPRIVACY&ads.gdpr=&ads.gdpr_consent=&ads.app_domain=tivo.com&ads.device_type=TIVOPLUS_OPENRTB_DEVTYPE&ads.app_store_url=&ads.tivo_kvps=partnername%253DXumo%2526mvpd%253DTIVOPLUS_MVPD%2526adunittype%253DTIVOPLUS_ADUNIT_TYPE%2526sz%253D1920x1080%2526contenttype%253DLinear%2526uxloc%253DInapp%2526apptype%253DEntertainment%2526videotype%253Dmidroll%2526devcountry%253D%2526usid%253DTIVOPLUS_USERSESSION_ID%2526devlang%253D%2526platform%253DTIVOPLUS_PLATFORM%2526devmake%253DTIVOPLUS_DEVMAKE%2526devbrand%253D%2526devmake%253DTIVOPLUS_DEVMODEL%2526devmakedate%253D_ID%2526devlang%253D%2526platform%253DTIVOPLUS_PLATFORM%2526devmake%253DTIVOPLUS_DEVMAKE%2526devbrand%253D%2526devmake%253DTIVOPLUS_DEVMODEL%2526devmakedate%253D") | L26: ✔
A27: 9026 | C27: XUMO
A28: 9027 | C28: XUMO
A29: 9028 | C29: XUMO
A30: 9029 | C30: XUMO
A31: 9030 | B31: Forensic Files | C31: XUMO | D31: Live | E31: 111976 | F31: 15836609091 | G31: 515581902 | J31: https:TIVOPLUS_BLANK//db32be3yl2hko.cloudfront.net/11302/88885136/hls/master.m3u8?ads.xumo_channelId=88885136&ads.caid=ForensicFiles&ads.csid=tivo_ca_forensicfiles_ssai&ads.coppa=0&ads.provider_id=260&ads.content_producer_id=260&ads.content_producer=FilmRise&ads.content_network=FilmRise&ads.xumo_streamId=88885136&ads.content_length=&ads.content_language=en&ads.content_category=IAB17&ads.content_genre=Television&ads.content_rating=tv14&ads.content_channel=ForensicFiles&ads.app_name=TIVOPLUS_APPNAME&ads.app_version=TIVOPLUS_APP_VERSION&ads.app_bundle=tivo.entertainment&ads.did=TIVOPLUS_DEV_ID&ads.did_type=TIVOPLUS_DEV_TYPE&ads.is_lat=TIVOPLUS_DEV_LAT&ads.us_privacy=TIVOPLUS_USPRIVACY&ads.gdpr=&ads.gdpr_consent=&ads.app_domain=tivo.com&ads.device_type=TIVOPLUS_OPENRTB_DEVTYPE&ads.app_store_url=&ads.tivo_kvps=partnername%253DXumo%2526mvpd%253DTIVOPLUS_MVPD%2526adunittype%253DTIVOPLUS_ADUNIT_TYPE%2526sz%253D1920x1080%2526contenttype%253DLinear%2526uxloc%253DInapp%2526apptype%253DEntertainment%2526videotype%253Dmidroll%2526devcountry%253D%2526usid%253DTIVOPLUS_USERSESSION_ID%2526devlang%253D%2526platform%253DTIVOPLUS_PLATFORM%2526devmake%253DTIVOPLUS_DEVMAKE%2526devbrand%253D%2526devmake%253DTIVOPLUS_DEVMODEL%2526devmakedate%253D") | L31: ✔
A32: 9031 | B32: Unsolved Mysteries | C32: XUMO | D32: Live | E32: 99303 | F32: 8319038138 | G32: 420272283 | J32: https:TIVOPLUS_BLANK//db32be3yl2hko.cloudfront.net/11302/88885018/hls/master.m3u8?ads.xumo_channelId=88885018&ads.caid=UnsolvedMysteries&ads.csid=tivo_unsolvedmysteries_ssai&ads.coppa=0&ads.provider_id=260&ads.content_producer_id=260&ads.content_producer=FilmRise&ads.content_network=FilmRise&ads.xumo_streamId=88885018&ads.content_length=&ads.content_language=en&ads.content_category=IAB17&ads.content_genre=Television&ads.content_rating=tv14&&ads.content_channel=UnsolvedMyseries&ads.app_name=TIVOPLUS_APPNAME&ads.app_version=TIVOPLUS_APP_VERSION&ads.app_bundle=tivo.entertainment&ads.did=TIVOPLUS_DEV_ID&ads.did_type=TIVOPLUS_DEV_TYPE&ads.is_lat=TIVOPLUS_DEV_LAT&ads.us_privacy=TIVOPLUS_USPRIVACY&ads.gdpr=&ads.gdpr_consent=&ads.app_domain=tivo.com&ads.device_type=TIVOPLUS_OPENRTB_DEVTYPE&ads.app_store_url=&ads.tivo_kvps=partnername%253DXumo%2526mvpd%253DTIVOPLUS_MVPD%2526adunittype%253DTIVOPLUS_ADUNIT_TYPE%2526sz%253D1920x1080%2526contenttype%253DLinear%2526uxloc%253DInapp%2526apptype%253DEntertainment%2526videotype%253Dmidroll%2526devcountry%253D%2526usid%253DTIVOPLUS_USERSESSION_ID%2526devlang%253D%2526platform%253DTIVOPLUS_PLATFORM%2526devmake%253DTIVOPLUS_DEVMAKE%2526devbrand%253D%2526devmake%253DTIVOPLUS_DEVMODEL%2526devmakedate%253D | L32: ✔
A33: 9032 | C33: XUMO
A34: 9033 | C34: XUMO
A35: 9034 | C35: XUMO
A36: 9035 | C36: XUMO
A37: 9036 | C37: XUMO
A38: 9037 | B38: Untold Stories of the ER | C38: XUMO | D38: Live | E38: 111987 | F38: 15836631635 | G38: 515581916 | J38: https:TIVOPLUS_BLANK//db32be3yl2hko.cloudfront.net/11302/88885132/hls/master.m3u8?ads.xumo_channelId=88885132&ads.caid=FilmRise&ads.csid=tivo_us_untoldstoriesoftheer_ssai&ads.coppa=0&ads.provider_id=260&ads.content_producer_id=260&ads.content_producer=FilmRise&ads.content_network=FilmRise&ads.xumo_streamId=88885132&ads.content_length=&ads.content_language=en&ads.content_category=IAB17&ads.content_genre=Television&ads.content_rating=tv14&&ads.content_channel=UntoldStoriesOfTheER&ads.app_name=TIVOPLUS_APPNAME&ads.app_version=TIVOPLUS_APP_VERSION&ads.app_bundle=tivo.entertainment&ads.did=TIVOPLUS_DEV_ID&ads.did_type=TIVOPLUS_DEV_TYPE&ads.is_lat=TIVOPLUS_DEV_LAT&ads.us_privacy=TIVOPLUS_USPRIVACY&ads.gdpr=&ads.gdpr_consent=&ads.app_domain=tivo.com&ads.device_type=TIVOPLUS_OPENRTB_DEVTYPE&ads.app_store_url=&ads.tivo_kvps=partnername%253DXumo%2526mvpd%253DTIVOPLUS_MVPD%2526adunittype%253DTIVOPLUS_ADUNIT_TYPE%2526sz%253D1920x1080%2526contenttype%253DLinear%2526uxloc%253DInapp%2526apptype%253DEntertainment%2526videotype%253Dmidroll%2526devcountry%253D%2526usid%253DTIVOPLUS_USERSESSION_ID%2526devlang%253D%2526platform%253DTIVOPLUS_PLATFORM%2526devmake%253DTIVOPLUS_DEVMAKE%2526devbrand%253D%2526devmake%253DTIVOPLUS_DEVMODEL%2526devmakedate%253D | L38: ✔
A39: 9038 | B39: Dr. G: Medical Examiner | C39: XUMO | D39: Live | E39: 111973 | F39: 15836593580 | G39: 515581899 | J39: https:TIVOPLUS_BLANK//db32be3yl2hko.cloudfront.net/11302/88885124/hls/master.m3u8?ads.xumo_channelId=88885124&ads.caid=FilmRiseCA&ads.csid=tivo_ca_drgmedicalexaminer_ssai&ads.coppa=0&ads.provider_id=1082&ads.content_producer_id=1082&ads.content_producer=FilmRiseCA&ads.content_network=FilmRiseCA&ads.xumo_streamId=88885124&ads.content_length=&ads.content_language=en&ads.content_category=IAB17&ads.content_genre=Television&ads.content_rating=tv14&ads.content_channel=DrGMedicalExaminer&ads.app_name=TIVOPLUS_APPNAME&ads.app_version=TIVOPLUS_APP_VERSION&ads.app_bundle=tivo.entertainment&ads.did=TIVOPLUS_DEV_ID&ads.did_type=TIVOPLUS_DEV_TYPE&ads.is_lat=TIVOPLUS_DEV_LAT&ads.us_privacy=TIVOPLUS_USPRIVACY&ads.gdpr=&ads.gdpr_consent=&ads.app_domain=tivo.com&ads.device_type=TIVOPLUS_OPENRTB_DEVTYPE&ads.app_store_url=&ads.tivo_kvps=partnername%253DXumo%2526mvpd%253DTIVOPLUS_MVPD%2526adunittype%253DTIVOPLUS_ADUNIT_TYPE%2526sz%253D1920x1080%2526contenttype%253DLinear%2526uxloc%253DInapp%2526apptype%253DEntertainment%2526videotype%253Dmidroll%2526devcountry%253D%2526usid%253DTIVOPLUS_USERSESSION_ID%2526devlang%253D%2526platform%253DTIVOPLUS_PLATFORM%2526devmake%253DTIVOPLUS_DEVMAKE%2526devbrand%253D%2526devmake%253DTIVOPLUS_DEVMODEL%2526devmakedate%253D") | L39: ✔
A40: 9039 | C40: XUMO
A41: 9040 | C41: XUMO
A42: 9041 | C42: XUMO
A43: 9042 | B43: Cheaters | C43: XUMO | D43: Live | E43: 111971 | F43: 15836548374 | G43: 515581911 | J43: https:TIVOPLUS_BLANK//db32be3yl2hko.cloudfront.net/11302/88885135/hls/master.m3u8?ads.xumo_channelId=88885135&ads.caid=Cheaters&ads.csid=tivo_us_filmrisecheaters_ssai&ads.coppa=0&ads.provider_id=260&ads.content_producer_id=260&ads.content_producer=FilmRise&ads.content_network=FilmRise&ads.xumo_streamId=88885135&ads.content_length=&ads.content_language=en&ads.content_category=IAB1-7&ads.content_genre=Television&ads.content_rating=tv14&ads.content_channel=Cheaters&ads.app_name=TIVOPLUS_APPNAME&ads.app_version=TIVOPLUS_APP_VERSION&ads.app_bundle=tivo.entertainment&ads.did=TIVOPLUS_DEV_ID&ads.did_type=TIVOPLUS_DEV_TYPE&ads.is_lat=TIVOPLUS_DEV_LAT&ads.us_privacy=TIVOPLUS_USPRIVACY&ads.gdpr=&ads.gdpr_consent=&ads.app_domain=tivo.com&ads.device_type=TIVOPLUS_OPENRTB_DEVTYPE&ads.app_store_url=&ads.tivo_kvps=partnername%253DXumo%2526mvpd%253DTIVOPLUS_MVPD%2526adunittype%253DTIVOPLUS_ADUNIT_TYPE%2526sz%253D1920x1080%2526contenttype%253DLinear%2526uxloc%253DInapp%2526apptype%253DEntertainment%2526videotype%253Dmidroll%2526devcountry%253D%2526usid%253DTIVOPLUS_USERSESSION_ID%2526devlang%253D%2526platform%253DTIVOPLUS_PLATFORM%2526devmake%253DTIVOPLUS_DEVMAKE%2526devbrand%253D%2526devmake%253DTIVOPLUS_DEVMODEL%2526devmakedate%253D") | L43: ✔
A44: 9043 | C44: XUMO
A45: 9044 | C45: XUMO
A46: 9045 | C46: XUMO
A47: 9046 | C47: XUMO
A48: 9047 | B48: Supermarket Sweep | C48: XUMO | D48: Live | E48: 111985 | F48: 15836630978 | G48: 515581908 | J48: https:TIVOPLUS_BLANK//db32be3yl2hko.cloudfront.net/11302/88885100/hls/playlist.m3u8?ads.xumo_channelId=88885100&ads.caid=FreemantleSuperMarketSweep&ads.csid=tivo_freemantlesupermarketsweep_ssai&ads.coppa=0&ads.provider_id=3544&ads.content_producer_id=3544&ads.content_producer=FreemantleSuperMarketSweep&ads.content_network=FreemantleSuperMarketSweep&ads.xumo_streamId=88885100&ads.content_length=&ads.content_language=en&ads.content_category=IAB17&ads.content_genre=Television&ads.content_rating=&ads.content_channel=SuperMarketSweep&ads.app_name=TIVOPLUS_APPNAME&ads.app_version=TIVOPLUS_APP_VERSION&ads.app_bundle=tivo.entertainment&ads.did=TIVOPLUS_DEV_ID&ads.did_type=TIVOPLUS_DEV_TYPE&ads.is_lat=TIVOPLUS_DEV_LAT&ads.us_privacy=TIVOPLUS_USPRIVACY&ads.gdpr=&ads.gdpr_consent=&ads.app_domain=tivo.com&ads.device_type=TIVOPLUS_OPENRTB_DEVTYPE&ads.app_store_url=&ads.tivo_kvps=partnername%253DXumo%2526mvpd%253DTIVOPLUS_MVPD%2526adunittype%253DTIVOPLUS_ADUNIT_TYPE%2526sz%253D1920x1080%2526contenttype%253DLinear%2526uxloc%253DInapp%2526apptype%253DEntertainment%2526videotype%253Dmidroll%2526devcountry%253D%2526usid%253DTIVOPLUS_USERSESSION_ID%2526devlang%253D%2526platform%253DTIVOPLUS_PLATFORM%2526devmake%253DTIVOPLUS_DEVMAKE%2526devbrand%253D%2526devmake%253DTIVOPLUS_DEVMODEL%2526devmakedate%253D | L48: ✔
A49: 9048 | C49: XUMO
A50: 9049 | C50: XUMO
A51: 9050 | C51: XUMO
A52: 9051 | B52: Antiques Roadshow | C52: XUMO | D52: Live | E52: 111968 | F52: 15836287183 | G52: 515581903 | J52: https:TIVOPLUS_BLANK//db32be3yl2hko.cloudfront.net/11302/88885134/hls/playlist.m3u8?ads.xumo_channelId=88885134&ads.caid=PBSAntiquesRoadshowUS&ads.csid=tivo_us_pbsantiquesroadshowus_ssai&ads.coppa=0&ads.provider_id=3861&ads.content_producer_id=3861&ads.content_producer=PBSAntiquesRoadshowUS&ads.content_network=PBSAntiquesRoadshowUS&ads.xumo_streamId=88885134&ads.content_length=&ads.content_language=en&ads.content_category=IAB17&ads.content_genre=Television&ads.content_rating=tvpg&ads.content_channel=AntiquesRoadshow&ads.app_name=TIVOPLUS_APPNAME&ads.app_version=TIVOPLUS_APP_VERSION&ads.app_bundle=tivo.entertainment&ads.did=TIVOPLUS_DEV_ID&ads.did_type=TIVOPLUS_DEV_TYPE&ads.is_lat=TIVOPLUS_DEV_LAT&ads.us_privacy=TIVOPLUS_USPRIVACY&ads.gdpr=&ads.gdpr_consent=&ads.app_domain=tivo.com&ads.device_type=TIVOPLUS_OPENRTB_DEVTYPE&ads.app_store_url=&ads.tivo_kvps=partnername%253DXumo%2526mvpd%253DTIVOPLUS_MVPD%2526adunittype%253DTIVOPLUS_ADUNIT_TYPE%2526sz%253D1920x1080%2526contenttype%253DLinear%2526uxloc%253DInapp%2526apptype%253DEntertainment%2526videotype%253Dmidroll%2526devcountry%253D%2526usid%253DTIVOPLUS_USERSESSION_ID%2526devlang%253D%2526platform%253DTIVOPLUS_PLATFORM%2526devmake%253DTIVOPLUS_DEVMAKE%2526devbrand%253D%2526devmake%253DTIVOPLUS_DEVMODEL%2526devmakedate%253D") | L52: ✔
A53: 9052 | B53: Antiques Road Trip | C53: XUMO | D53: Live | E53: 111967 | F53: 15836284916 | G53: 515581904 | J53: https:TIVOPLUS_BLANK//db32be3yl2hko.cloudfront.net/11302/88885133/hls/playlist.m3u8?ads.xumo_channelId=88885133&ads.caid=PBSAntiquesRoadTrip&ads.csid=tivo_us_pbsantiquesroadtrip_ssai&ads.coppa=0&ads.provider_id=4114&ads.content_producer_id=4114&ads.content_producer=PBSAntiquesRoadTrip&ads.content_network=PBSAntiquesRoadTrip&ads.xumo_streamId=88885133&ads.content_length=&ads.content_language=en&ads.content_category=IAB1-7&ads.content_genre=Television&ads.content_rating=tv-pg&ads.content_channel=AntiquesRoadTrip&ads.app_name=TIVOPLUS_APPNAME&ads.app_version=TIVOPLUS_APP_VERSION&ads.app_bundle=tivo.entertainment&ads.did=TIVOPLUS_DEV_ID&ads.did_type=TIVOPLUS_DEV_TYPE&ads.is_lat=TIVOPLUS_DEV_LAT&ads.us_privacy=TIVOPLUS_USPRIVACY&ads.gdpr=&ads.gdpr_consent=&ads.app_domain=tivo.com&ads.device_type=TIVOPLUS_OPENRTB_DEVTYPE&ads.app_store_url=&ads.tivo_kvps=partnername%253DXumo%2526mvpd%253DTIVOPLUS_MVPD%2526adunittype%253DTIVOPLUS_ADUNIT_TYPE%2526sz%253D1920x1080%2526contenttype%253DLinear%2526uxloc%253DInapp%2526apptype%253DEntertainment%2526videotype%253Dmidroll%2526devcountry%253D%2526usid%253DTIVOPLUS_USERSESSION_ID%2526devlang%253D%2526platform%253DTIVOPLUS_PLATFORM%2526devmake%253DTIVOPLUS_DEVMAKE%2526devbrand%253D%2526devmake%253DTIVOPLUS_DEVMODEL%2526devmakedate%253D") | L53: ✔
A54: 9053 | C54: XUMO
A55: 9054 | C55: XUMO
A56: 9055 | C56: XUMO
A57: 9056 | C57: XUMO
A58: 9057 | B58: Billiards TV | C58: XUMO | D58: Live | E58: 111969 | F58: 15836548372 | G58: 515581907 | J58: https:TIVOPLUS_BLANK//db32be3yl2hko.cloudfront.net/11302/88885091/hls/billi.m3u8?ads.xumo_channelId=88885091a&ads.caid=TripleBMediaBilliard&ads.csid=tivo_triplebmediabilliard_ssai&ads.coppa=0&ads.provider_id=2728&ads.content_producer_id=2728&ads.content_producer=TripleBMediaBilliard&ads.content_network=TripleBMediaBilliard&ads.xumo_streamId=88885091&ads.content_length=&ads.content_language=en&ads.content_category=IAB17&ads.content_genre=Sports&ads.content_rating=tv-pg&ads.content_channel=TripleBMediaBilliard&ads.app_name=TIVOPLUS_APPNAME&ads.app_version=TIVOPLUS_APP_VERSION&ads.app_bundle=tivo.entertainment&ads.did=TIVOPLUS_DEV_ID&ads.did_type=TIVOPLUS_DEV_TYPE&ads.is_lat=TIVOPLUS_DEV_LAT&ads.us_privacy=TIVOPLUS_USPRIVACY&ads.gdpr=&ads.gdpr_consent=&ads.app_domain=tivo.com&ads.device_type=TIVOPLUS_OPENRTB_DEVTYPE&ads.app_store_url=&ads.tivo_kvps=partnername%253DXumo%2526mvpd%253DTIVOPLUS_MVPD%2526adunittype%253DTIVOPLUS_ADUNIT_TYPE%2526sz%253D1920x1080%2526contenttype%253DLinear%2526uxloc%253DIn-app%2526apptype%253DEntertainment%2526videotype%253Dmid-roll%2526devcountry%253D%2526usid%253DTIVOPLUS_USERSESSION_ID%2526devlang%253D%2526platform%253DTIVOPLUS_PLATFORM%2526devmake%253DTIVOPLUS_DEVMAKE%2526devbrand%253D%2526devmake%253DTIVOPLUS_DEVMODEL%2526devmakedate%253D") | L58: ✔
A59: 9058 | C59: XUMO
A60: 9059 | C60: XUMO
A61: 9060 | B61: ACL Cornhole | C61: XUMO | D61: Live | E61: 111966 | F61: 15836283923 | G61: 515581906 | J61: https:TIVOPLUS_BLANK//db32be3yl2hko.cloudfront.net/11302/88885093/hls/aclco.m3u8?ads.xumo_channelId=88885093a&ads.caid=TripleBMediaACLCornhole&ads.csid=tivo_triplebmediaaclcornhole_ssai&ads.coppa=0&ads.provider_id=3483&ads.content_producer_id=3483&ads.content_producer=TripleBMediaACLCornhole&ads.content_network=TripleBMediaACLCornhole&ads.xumo_streamId=88885093&ads.content_length=&ads.content_language=en&ads.content_category=IAB17&ads.content_genre=Sports&ads.content_rating=tv-pg&ads.content_channel=ACLCornhole&ads.app_name=TIVOPLUS_APPNAME&ads.app_version=TIVOPLUS_APP_VERSION&ads.app_bundle=tivo.entertainment&ads.did=TIVOPLUS_DEV_ID&ads.did_type=TIVOPLUS_DEV_TYPE&ads.is_lat=TIVOPLUS_DEV_LAT&ads.us_privacy=TIVOPLUS_USPRIVACY&ads.gdpr=&ads.gdpr_consent=&ads.app_domain=tivo.com&ads.device_type=TIVOPLUS_OPENRTB_DEVTYPE&ads.app_store_url=&ads.tivo_kvps=partnername%253DXumo%2526mvpd%253DTIVOPLUS_MVPD%2526adunittype%253DTIVOPLUS_ADUNIT_TYPE%2526sz%253D1920x1080%2526contenttype%253DLinear%2526uxloc%253DIn-app%2526apptype%253DEntertainment%2526videotype%253Dmid-roll%2526devcountry%253D%2526usid%253DTIVOPLUS_USERSESSION_ID%2526devlang%253D%2526platform%253DTIVOPLUS_PLATFORM%2526devmake%253DTIVOPLUS_DEVMAKE%2526devbrand%253D%2526devmake%253DTIVOPLUS_DEVMODEL%2526devmakedate%253D") | L61: ✔
A62: 9061 | C62: XUMO
A63: 9062 | C63: XUMO
A64: 9063 | C64: XUMO
A65: 9064 | B65: Speedvision | C65: XUMO | D65: Live | E65: 111984 | F65: 15836630433 | G65: 515581909 | J65: https:TIVOPLUS_BLANK//db32be3yl2hko.cloudfront.net/11302/88885090/hls/playlist.m3u8?ads.xumo_channelId=88885090&ads.caid=SPEEDVISION&ads.csid=tivo_speedvision_ssai&ads.coppa=0&ads.provider_id=3973&ads.content_producer_id=3973&ads.content_producer=SPEEDVISION&ads.content_network=SPEEDVISION&ads.xumo_streamId=88885090&ads.content_length=&ads.content_language=en&ads.content_category=IAB17&ads.content_genre=Sports&ads.content_rating=tvpg&ads.content_channel=Speedvivion&ads.app_name=TIVOPLUS_APPNAME&ads.app_version=TIVOPLUS_APP_VERSION&ads.app_bundle=tivo.entertainment&ads.did=TIVOPLUS_DEV_ID&ads.did_type=TIVOPLUS_DEV_TYPE&ads.is_lat=TIVOPLUS_DEV_LAT&ads.us_privacy=TIVOPLUS_USPRIVACY&ads.gdpr=&ads.gdpr_consent=&ads.app_domain=tivo.com&ads.device_type=TIVOPLUS_OPENRTB_DEVTYPE&ads.app_store_url=&ads.tivo_kvps=partnername%253DXumo%2526mvpd%253DTIVOPLUS_MVPD%2526adunittype%253DTIVOPLUS_ADUNIT_TYPE%2526sz%253D1920x1080%2526contenttype%253DLinear%2526uxloc%253DInapp%2526apptype%253DEntertainment%2526videotype%253Dmidroll%2526devcountry%253D%2526usid%253DTIVOPLUS_USERSESSION_ID%2526devlang%253D%2526platform%253DTIVOPLUS_PLATFORM%2526devmake%253DTIVOPLUS_DEVMAKE%2526devbrand%253D%2526devmake%253DTIVOPLUS_DEVMODEL%2526devmakedate%253D") | L65: ✔
A66: 9065 | C66: XUMO
A67: 9066 | C67: XUMO
A68: 9067 | C68: XUMO
A69: 9068 | B69: Boxing TV | C69: XUMO | D69: Live | E69: 111970 | F69: 15836548373 | G69: 515581912 | J69: https:TIVOPLUS_BLANK//db32be3yl2hko.cloudfront.net/11302/88885092/hls/bxntv.m3u8?ads.xumo_channelId=88885092a&ads.caid=TripleBMediaBoxingTV&ads.csid=tivo_triplebmediaboxingtv_ssai&ads.coppa=0&ads.provider_id=3771&ads.content_producer_id=3771&ads.content_producer=TripleBMediaBoxingTV&ads.content_network=TripleBMediaBoxingTV&ads.xumo_streamId=88885092&ads.content_length=&ads.content_language=en&ads.content_category=IAB17&ads.content_genre=Sports&ads.content_rating=tv-14&ads.content_channel=TripleBMediaBoxingTV&ads.app_name=TIVOPLUS_APPNAME&ads.app_version=TIVOPLUS_APP_VERSION&ads.app_bundle=tivo.entertainment&ads.did=TIVOPLUS_DEV_ID&ads.did_type=TIVOPLUS_DEV_TYPE&ads.is_lat=TIVOPLUS_DEV_LAT&ads.us_privacy=TIVOPLUS_USPRIVACY&ads.gdpr=&ads.gdpr_consent=&ads.app_domain=tivo.com&ads.device_type=TIVOPLUS_OPENRTB_DEVTYPE&ads.app_store_url=&ads.tivo_kvps=partnername%253DXumo%2526mvpd%253DTIVOPLUS_MVPD%2526adunittype%253DTIVOPLUS_ADUNIT_TYPE%2526sz%253D1920x1080%2526contenttype%253DLinear%2526uxloc%253DIn-app%2526apptype%253DEntertainment%2526videotype%253Dmid-roll%2526devcountry%253D%2526usid%253DTIVOPLUS_USERSESSION_ID%2526devlang%253D%2526platform%253DTIVOPLUS_PLATFORM%2526devmake%253DTIVOPLUS_DEVMAKE%2526devbrand%253D%2526devmake%253DTIVOPLUS_DEVMODEL%2526devmakedate%253D") | L69: ✔
A70: 9069 | C70: XUMO
A71: 9070 | C71: XUMO
A72: 9071 | C72: XUMO
A73: 9072 | C73: XUMO
A74: 9073 | C74: XUMO
A75: 9074 | C75: XUMO
A76: 9075 | C76: XUMO
A77: 9076 | C77: XUMO
A78: 9077 | C78: XUMO
A79: 9078 | C79: XUMO
A80: 9079 | C80: XUMO
A81: 9080 | C81: XUMO
... A83: 9082 | C83: XUMO
A84: 9083 | B84: Movie Music by Stingray | C84: XUMO | D84: Live | E84: 109826 | F84: 14663760666 | G84: 500453478 | J84: https:TIVOPLUS_BLANK//db32be3yl2hko.cloudfront.net/11302/88885118/hls/master.m3u8?ads.xumo_channelId=88885118&ads.caid=StingrayCMusicUS&ads.csid=tivo_stingraycmusicus_ssai&ads.coppa=0&ads.provider_id=3922&ads.content_producer_id=3922&ads.content_producer=stingraycmusicus&ads.content_network=stingraycmusicus&ads.xumo_streamId=88885118&ads.content_length=&ads.content_language=en&ads.content_category=IAB1-6&ads.content_genre=Music&ads.content_rating=tv-g&ads.content_channel=StingrayCMusic&ads.app_name=TIVOPLUS_APPNAME&ads.app_version=TIVOPLUS_APP_VERSION&ads.app_bundle=tivo.entertainment&ads.did=TIVOPLUS_DEV_ID&ads.did_type=TIVOPLUS_DEV_TYPE&ads.is_lat=TIVOPLUS_DEV_LAT&ads.us_privacy=TIVOPLUS_USPRIVACY&ads.gdpr=&ads.gdpr_consent=&ads.app_domain=tivo.com&ads.device_type=TIVOPLUS_OPENRTB_DEVTYPE&ads.app_store_url=&ads.tivo_kvps=partnername%253DXumo%2526mvpd%253DTIVOPLUS_MVPD%2526adunittype%253DTIVOPLUS_ADUNIT_TYPE%2526sz%253D1920x1080%2526contenttype%253DLinear%2526uxloc%253DIn-app%2526apptype%253DEntertainment%2526videotype%253Dmid-roll%2526devcountry%253D%2526usid%253DTIVOPLUS_USERSESSION_ID%2526devlang%253D%2526platform%253DTIVOPLUS_PLATFORM%2526devmake%253DTIVOPLUS_DEVMAKE%2526devbrand%253D%2526devmake%253DTIVOPLUS_DEVMODEL%2526devmakedate%253D | L84: ✔
A85: 9084 | C85: XUMO
A86: 9085 | C86: XUMO
A87: 9086 | C87: XUMO
A88: 9087 | B88: Stingray DJAZZ | C88: XUMO | D88: Live | E88: 109827 | F88: 14663760667 | G88: 500453483 | J88: https:TIVOPLUS_BLANK//db32be3yl2hko.cloudfront.net/11302/88885119/hls/master.m3u8?ads.xumo_channelId=88885119&ads.caid=StingrayDJAZZ&ads.csid=tivo_stingraydjazz_ssai&ads.coppa=0&ads.provider_id=3909&ads.content_producer_id=3909&ads.content_producer=StingrayDjazz&ads.content_network=StingrayDjazz&ads.xumo_streamId=88885119&ads.content_length=&ads.content_language=en&ads.content_category=IAB1-6&ads.content_genre=Music&ads.content_rating=tv-g&ads.content_channel=StingrayDJAZZ&ads.app_name=TIVOPLUS_APPNAME&ads.app_version=TIVOPLUS_APP_VERSION&ads.app_bundle=tivo.entertainment&ads.did=TIVOPLUS_DEV_ID&ads.did_type=TIVOPLUS_DEV_TYPE&ads.is_lat=TIVOPLUS_DEV_LAT&ads.us_privacy=TIVOPLUS_USPRIVACY&ads.gdpr=&ads.gdpr_consent=&ads.app_domain=tivo.com&ads.device_type=TIVOPLUS_OPENRTB_DEVTYPE&ads.app_store_url=&ads.tivo_kvps=partnername%253DXumo%2526mvpd%253DTIVOPLUS_MVPD%2526adunittype%253DTIVOPLUS_ADUNIT_TYPE%2526sz%253D1920x1080%2526contenttype%253DLinear%2526uxloc%253DIn-app%2526apptype%253DEntertainment%2526videotype%253Dmid-roll%2526devcountry%253D%2526usid%253DTIVOPLUS_USERSESSION_ID%2526devlang%253D%2526platform%253DTIVOPLUS_PLATFORM%2526devmake%253DTIVOPLUS_DEVMAKE%2526devbrand%253D%2526devmake%253DTIVOPLUS_DEVMODEL%2526devmakedate%253D | L88: ✔
A89: 9088 | C89: XUMO
A90: 9089 | C90: XUMO
A91: 9090 | C91: XUMO
A92: 9091 | B92: Stingray Holidayscapes | C92: XUMO | D92: Live | E92: 109829 | F92: 14663760669 | G92: 500453479 | J92: https:TIVOPLUS_BLANK//db32be3yl2hko.cloudfront.net/11302/88885120/hls/master.m3u8?ads.xumo_channelId=88885120&ads.caid=StingrayHolidayscapes&ads.csid=tivo_stingrayholidayscapes_ssai&ads.coppa=0&ads.provider_id=4001&ads.content_producer_id=4001&ads.content_producer=StingrayHolidayscapes&ads.content_network=StingrayHolidayscapes&ads.xumo_streamId=88885120&ads.content_length=&ads.content_language=en&ads.content_category=IAB1-6&ads.content_genre=Music&ads.content_rating=tv-g&ads.content_channel=StingrayHolidayscapes&ads.app_name=TIVOPLUS_APPNAME&ads.app_version=TIVOPLUS_APP_VERSION&ads.app_bundle=tivo.entertainment&ads.did=TIVOPLUS_DEV_ID&ads.did_type=TIVOPLUS_DEV_TYPE&ads.is_lat=TIVOPLUS_DEV_LAT&ads.us_privacy=TIVOPLUS_USPRIVACY&ads.gdpr=&ads.gdpr_consent=&ads.app_domain=tivo.com&ads.device_type=TIVOPLUS_OPENRTB_DEVTYPE&ads.app_store_url=&ads.tivo_kvps=partnername%253DXumo%2526mvpd%253DTIVOPLUS_MVPD%2526adunittype%253DTIVOPLUS_ADUNIT_TYPE%2526sz%253D1920x1080%2526contenttype%253DLinear%2526uxloc%253DIn-app%2526apptype%253DEntertainment%2526videotype%253Dmid-roll%2526devcountry%253D%2526usid%253DTIVOPLUS_USERSESSION_ID%2526devlang%253D%2526platform%253DTIVOPLUS_PLATFORM%2526devmake%253DTIVOPLUS_DEVMAKE%2526devbrand%253D%2526devmake%253DTIVOPLUS_DEVMODEL%2526devmakedate%253D | L92: ✔
A93: 9092 | C93: XUMO
A94: 9093 | C94: XUMO
A95: 9094 | B95: ZenLIFE by Stingray | C95: XUMO | D95: Live | E95: 109834 | F95: 14663802428 | G95: 500453488 | J95: https:TIVOPLUS_BLANK//db32be3yl2hko.cloudfront.net/11302/88885057/hls/master.m3u8?ads.xumo_channelId=88885057&ads.caid=StingrayZenlife&ads.csid=tivo_stingrayzenlife_ssai&ads.coppa=0&ads.provider_id=3975&ads.content_producer_id=3975&ads.content_producer=StingrayZenlife&ads.content_network=StingrayZenlife&ads.xumo_streamId=88885057&ads.content_length=&ads.content_language=en&ads.content_category=IAB1-6&ads.content_genre=Music&ads.content_rating=tv-g&ads.content_channel=ZENLifeByStingray&ads.app_name=TIVOPLUS_APPNAME&ads.app_version=TIVOPLUS_APP_VERSION&ads.app_bundle=tivo.entertainment&ads.did=TIVOPLUS_DEV_ID&ads.did_type=TIVOPLUS_DEV_TYPE&ads.is_lat=TIVOPLUS_DEV_LAT&ads.us_privacy=TIVOPLUS_USPRIVACY&ads.gdpr=&ads.gdpr_consent=&ads.app_domain=tivo.com&ads.device_type=TIVOPLUS_OPENRTB_DEVTYPE&ads.app_store_url=&ads.tivo_kvps=partnername%253DXumo%2526mvpd%253DTIVOPLUS_MVPD%2526adunittype%253DTIVOPLUS_ADUNIT_TYPE%2526sz%253D1920x1080%2526contenttype%253DLinear%2526uxloc%253DIn-app%2526apptype%253DEntertainment%2526videotype%253Dmid-roll%2526devcountry%253D%2526usid%253DTIVOPLUS_USERSESSION_ID%2526devlang%253D%2526platform%253DTIVOPLUS_PLATFORM%2526devmake%253DTIVOPLUS_DEVMAKE%2526devbrand%253D%2526devmake%253DTIVOPLUS_DEVMODEL%2526devmakedate%253D | L95: ✔
A96: 9095 | B96: Utimate Trivia by Stingray | C96: XUMO | D96: Live | E96: 109833 | F96: 14663800817 | G96: 500453473 | J96: https:TIVOPLUS_BLANK//db32be3yl2hko.cloudfront.net/11302/88885123/hls/master.m3u8?ads.xumo_channelId=88885123&ads.caid=UltimateTriviabyStingray&ads.csid=tivo_ultimatetriviabystingray_ssai&ads.coppa=0&ads.provider_id=4000&ads.content_producer_id=4000&ads.content_producer=UltimateTriviabyStingray&ads.content_network=UltimateTriviabyStingray&ads.xumo_streamId=88885123&ads.content_length=&ads.content_language=en&ads.content_category=IAB1-6&ads.content_genre=Music&ads.content_rating=tv-g&ads.content_channel=UltimateTriviabyStingray&ads.app_name=TIVOPLUS_APPNAME&ads.app_version=TIVOPLUS_APP_VERSION&ads.app_bundle=tivo.entertainment&ads.did=TIVOPLUS_DEV_ID&ads.did_type=TIVOPLUS_DEV_TYPE&ads.is_lat=TIVOPLUS_DEV_LAT&ads.us_privacy=TIVOPLUS_USPRIVACY&ads.gdpr=&ads.gdpr_consent=&ads.app_domain=tivo.com&ads.device_type=TIVOPLUS_OPENRTB_DEVTYPE&ads.app_store_url=&ads.tivo_kvps=partnername%253DXumo%2526mvpd%253DTIVOPLUS_MVPD%2526adunittype%253DTIVOPLUS_ADUNIT_TYPE%2526sz%253D1920x1080%2526contenttype%253DLinear%2526uxloc%253DIn-app%2526apptype%253DEntertainment%2526videotype%253Dmid-roll%2526devcountry%253D%2526usid%253DTIVOPLUS_USERSESSION_ID%2526devlang%253D%2526platform%253DTIVOPLUS_PLATFORM%2526devmake%253DTIVOPLUS_DEVMAKE%2526devbrand%253D%2526devmake%253DTIVOPLUS_DEVMODEL%2526devmakedate%253D | L96: ✔
A97: 9096 | C97: XUMO
A98: 9097 | C98: XUMO
A99: 9098 | C99: XUMO
A100: 9099 | C100: XUMO
A101: 9100 | C101: XUMO
...

Sheet operator_config
A1: operator_name | B1: operator_id | C1: region | D1: start_channel | E1: start_channel_offset | F1: lineup_size | G1: xumo_partner_id | H1: plutotv_range | I1: xumo_range | J1: plex_range | K1: mso_service_ids | L1: alt_name
A2: Eastlink | B2: tivo:pt.5161 | C2: CA | D2: 2500 | E2: 400 | F2: 1400 | G2: 1007769 | I2: 2901 | J2: 3201
A3: Mediacom-Dev | B3: tivo:pt.5163 | C3: US | D3: 3101 | E3: 100 | F3: 1400 | G3: 1007720 | H3: 3201 | I3: 3502 | J3: 3802
A4: Secv | B4: tivo:pt.5057 | C4: US | D4: 1056 | E4: 100 | F4: 1400 | G4: 1007713 | H4: 1157 | I4: 1457 | J4: 1757
A5: Blue Ridge-Dev | B5: tivo:pt.5174 | C5: US | D5: 2000 | E5: 100 | F5: 1400 | G5: 1007767 | H5: 2101 | I5: 2401 | J5: 2701
A6: Cincinnati Bell | B6: tivo:pt.5199 | C6: US | D6: 1000 | E6: 100 | F6: 1400 | G6: 1007707 | H6: 1101 | I6: 1401 | J6: 1701 | L6: altafiber
A7: Cincinnati Bell-Dev | B7: tivo:pt.5202 | C7: US | D7: 1000 | E7: 100 | F7: 1400 | G7: 1007706 | H7: 1101 | I7: 1401 | J7: 1701 | L7: altafiber
A8: SECV-DEV | B8: tivo:pt.5211 | C8: US | D8: 1056 | E8: 100 | F8: 1400 | G8: 1007712 | H8: 1157 | I8: 1457 | J8: 1757
A9: Atlantic Broadband | B9: tivo:pt.4400 | C9: US | D9: 2000 | E9: 100 | F9: 1400 | G9: 1007725 | H9: 2101 | I9: 2401 | J9: 2701 | L9: Breezeline
A10: Blue Stream-Dev | B10: tivo:pt.5221 | C10: US | D10: 1000 | E10: 100 | F10: 1400 | G10: 1007705 | H10: 1101 | I10: 1401 | J10: 1701
A11: BlueStream | B11: tivo:pt.5220 | C11: US | D11: 1000 | E11: 100 | F11: 1400 | G11: 1007704 | H11: 1101 | I11: 1401 | J11: 1701
A12: Armstrong - Dev | B12: tivo:pt.5230 | C12: US | D12: 1000 | E12: 100 | F12: 1400 | G12: 1007768 | H12: 1101 | I12: 1401 | J12: 1701
A13: midco | B13: tivo:pt.4203 | C13: US | D13: 3000 | E13: 100 | F13: 1400 | G13: 1007163 | H13: 3101 | I13: 3401 | J13: 3701
A14: Hotwire-Dev | B14: tivo:pt.5315 | C14: US | D14: 10000 | E14: 100 | F14: 1400 | G14: 1007709 | H14: 10101 | I14: 10401 | J14: 10701
A15: astound | B15: tivo:pt.4616 | C15: US | D15: 2000 | E15: 100 | F15: 1400 | G15: 1007703 | H15: 2101 | I15: 2401
A16: Hotwire | B16: tivo:pt.5314 | C16: US | D16: 10000 | E16: 100 | F16: 1400 | G16: 1007714 | H16: 10101 | I16: 10401 | J16: 10701
A17: Blue Ridge | B17: tivo:pt.4486 | C17: US | D17: 2000 | E17: 100 | F17: 1400 | G17: 1007776 | H17: 2101 | I17: 2401 | J17: 2701
A18: Mediacom | B18: tivo:pt.4177 | C18: US | D18: 3101 | E18: 100 | F18: 1400 | G18: 1007721 | H18: 3202 | I18: 3502 | J18: 3802
A19: Armstrong | B19: tivo:pt.4618 | C19: US | D19: 1000 | E19: 100 | F19: 1400 | G19: 1007769 | H19: 1101 | I19: 1401 | J19: 1701
A20: CableCo11 | B20: tivo:pt.5051 | C20: US | D20: 11400 | E20: 100 | F20: 1400 | G20: 1007998 | H20: 11501 | I20: 11801 | J20: 12101
A21: Astound-Dev | C21: US | E21: 100 | F21: 1400
A22: CableCo3 | C22: US | E22: 100 | F22: 1400
A23: Midoco-Dev | C23: US | E23: 100 | F23: 1400
A24: Eastlink-Dev | C24: CA | E24: 100 | F24: 1400
A25: Atlantic Broadband Dev | C25: US | E25: 100 | F25: 1400 | L25: Breezeline
A26: TMIS US | B26: tmis_us | C26: US | D26: 8000 | E26: 100 | F26: 2000
A27: TMIS CA | B27: tmis_ca | C27: CA | D27: 8000 | E27: 100 | F27: 2000

Sheet Ch_Add_Remove_Alert
A1: Row | B1: Txt | C1: Total_Audit_Flag | D1: Column1
A2: 1 | B2: Total Channels That need attention!! | C2: =E2+G2 -> 0 | D2: Total Channels ADDED that need to be resolved | E2: =SUM(B3:B6) -> 0 | F2: Total Channels REMOVED that need to be resolved | G2: =SUM(D3:D6) -> 0 | I2: IPTV-SA Created:9/23/2025
A3: IPTV US Added - unresolved | B3: =COUNTIF(E11:E100004,"Please Notify - Channel Added") -> 0 | C3: IPTV US Removed - unresolved | D3: =COUNTIF(D11:D100004,"Please Notify - Channel Removed") -> 0 | E3: IPTV US Total Changes | F3: =B3+D3 -> 0
A4: IPTV CA Added - unresolved | B4: =COUNTIF(K11:K100004,"Please Notify - Channel Added") -> 0 | C4: IPTV CA Removed - unresolved | D4: =COUNTIF(J11:J100004,"Please Notify - Channel Removed") -> 0 | E4: IPTV CA Total Changes | F4: =B4+D4 -> 0
A5: TMIS US Added- unresolved | B5: =COUNTIF(Q11:Q100004,"Please Notify - Channel Added") -> 0 | C5: TMIS US Removed - unresolved | D5: =COUNTIF(P11:P100004,"Please Notify - Channel Removed") -> 0 | E5: TMIS US Total Changes | F5: =B5+D5 -> 0
A6: TMIS CA Added- unresolved | B6: =COUNTIF(W11:W100004,"Please Notify - Channel Added") -> 0 | C6: TMIS CA Removed - unresolved | D6: =COUNTIF(V11:V100004,"Please Notify - Channel Removed") -> 0 | E6: TMIS CA Total Changes | F6: =B6+D6 -> 0
A8: Customer Success Usage ONLY. Do not modify unless you speak with Hayley - hayley.fletcher@xperi.com. This sheet is used to flag changes to the master. If there are any pending notifications, an email will be sent with the report. Once customers have been notified, please update the "State." Example, if "Please Notify" is set for Removed_Notified, then after customer have been notified change the state of the channel to Vacant to resolve it. Likewise, if the Add_Notified is set to "Please Notify" then udate the State to "Active" to resolve the fact that it is now in use.
A10: IPTV_US_Ch_Num | B10: IPTV_US_Ch_Name | C10: IPTV_US_Ch_State | D10: IPTV_US_Removed | E10: IPTV_US_Ch_Add | F10: _....._ | G10: IPTV_CA_Ch_Num | H10: IPTV_CA_Ch_Name | I10: IPTV_CA_Ch_State | J10: IPTV_CA_Removed | K10: IPTV_CA_Add | L10: ___----____ | M10: TMIS_US_Ch_Num | N10: TMIS_US_Ch_Name | O10: TMIS_US_Ch_State | P10: TMIS_US_Removed | Q10: TMIS_US_Ch_Add | R10: _....._2 | S10: TMIS_CA_Ch_Num | T10: TMIS_CA_Ch_Name | U10: TMIS_CA_Ch_State | V10: TMIS_CA_Removed | W10: TMIS_CA_Add
A11: ='IPTV US'!A2 -> 10101 | B11: =T('IPTV US'!B2) -> CNN Headlines | C11: Active | D11: =IF(C11="Active",IF(B11="","Please Notify - Channel Removed",""),"") | E11: =IF(C11="Vacant",IF(B11="","","Please Notify - Channel Added"),"") | F11: - | G11: ='IPTV CA'!A2 -> 10401 | H11: =T('IPTV CA'!B2) -> Bloomberg TV | I11: Active | J11: =IF(I11="Active",IF(H11="","Please Notify - Channel Removed",""),"") | K11: =IF(I11="Vacant",IF(H11="","","Please Notify - Channel Added"),"") | M11: ='TMIS US'!A2 -> 8101 | N11: =T('TMIS US'!B2) -> CNN Headlines | O11: Active | P11: =IF(O11="Active",IF(N11="","Please Notify - Channel Removed",""),"") | Q11: =IF(O11="Vacant",IF(N11="","","Please Notify - Channel Added"),"") | S11: ='TMIS CA'!A2 -> 9001 | T11: =T('TMIS CA'!B2) -> Bloomberg TV | U11: Active | V11: =IF(U11="Active",IF(T11="","Please Notify - Channel Removed",""),"") | W11: =IF(U11="Vacant",IF(T11="","","Please Notify - Channel Added"),"")
A12: ='IPTV US'!A3 -> 10102 | B12: =T('IPTV US'!B3) -> NBC News Now | C12: Active | D12: =IF(C12="Active",IF(B12="","Please Notify - Channel Removed",""),"") | E12: =IF(C12="Vacant",IF(B12="","","Please Notify - Channel Added"),"") | F12: - | G12: ='IPTV CA'!A3 -> 10402 | H12: =T('IPTV CA'!B3) -> Bloomberg Originals | I12: Active | J12: =IF(I12="Active",IF(H12="","Please Notify - Channel Removed",""),"") | K12: =IF(I12="Vacant",IF(H12="","","Please Notify - Channel Added"),"") | M12: ='TMIS US'!A3 -> 8102 | N12: =T('TMIS US'!B3) -> NBC News Now | O12: Active | P12: =IF(O12="Active",IF(N12="","Please Notify - Channel Removed",""),"") | Q12: =IF(O12="Vacant",IF(N12="","","Please Notify - Channel Added"),"") | S12: ='TMIS CA'!A3 -> 9002 | T12: =T('TMIS CA'!B3) -> Bloomberg Originals | U12: Active | V12: =IF(U12="Active",IF(T12="","Please Notify - Channel Removed",""),"") | W12: =IF(U12="Vacant",IF(T12="","","Please Notify - Channel Added"),"")
A13: ='IPTV US'!A4 -> 10103 | B13: =T('IPTV US'!B4) | C13: Vacant | D13: =IF(C13="Active",IF(B13="","Please Notify - Channel Removed",""),"") | E13: =IF(C13="Vacant",IF(B13="","","Please Notify - Channel Added"),"") | F13: - | G13: ='IPTV CA'!A4 -> 10403 | H13: =T('IPTV CA'!B4) | I13: Vacant | J13: =IF(I13="Active",IF(H13="","Please Notify - Channel Removed",""),"") | K13: =IF(I13="Vacant",IF(H13="","","Please Notify - Channel Added"),"") | M13: ='TMIS US'!A4 -> 8103 | N13: =T('TMIS US'!B4) | O13: Vacant | P13: =IF(O13="Active",IF(N13="","Please Notify - Channel Removed",""),"") | Q13: =IF(O13="Vacant",IF(N13="","","Please Notify - Channel Added"),"") | S13: ='TMIS CA'!A4 -> 9003 | T13: =T('TMIS CA'!B4) | U13: Vacant | V13: =IF(U13="Active",IF(T13="","Please Notify - Channel Removed",""),"") | W13: =IF(U13="Vacant",IF(T13="","","Please Notify - Channel Added"),"")
A14: ='IPTV US'!A5 -> 10104 | B14: =T('IPTV US'!B5) -> CBS News 24/7 | C14: Active | D14: =IF(C14="Active",IF(B14="","Please Notify - Channel Removed",""),"") | E14: =IF(C14="Vacant",IF(B14="","","Please Notify - Channel Added"),"") | F14: - | G14: ='IPTV CA'!A5 -> 10404 | H14: =T('IPTV CA'!B5) | I14: Vacant | J14: =IF(I14="Active",IF(H14="","Please Notify - Channel Removed",""),"") | K14: =IF(I14="Vacant",IF(H14="","","Please Notify - Channel Added"),"") | M14: ='TMIS US'!A5 -> 8104 | N14: =T('TMIS US'!B5) -> CBS News 24/7 | O14: Active | P14: =IF(O14="Active",IF(N14="","Please Notify - Channel Removed",""),"") | Q14: =IF(O14="Vacant",IF(N14="","","Please Notify - Channel Added"),"") | S14: ='TMIS CA'!A5 -> 9004 | T14: =T('TMIS CA'!B5) | U14: Vacant | V14: =IF(U14="Active",IF(T14="","Please Notify - Channel Removed",""),"") | W14: =IF(U14="Vacant",IF(T14="","","Please Notify - Channel Added"),"")
A15: ='IPTV US'!A6 -> 10105 | B15: =T('IPTV US'!B6) | C15: Vacant | D15: =IF(C15="Active",IF(B15="","Please Notify - Channel Removed",""),"") | E15: =IF(C15="Vacant",IF(B15="","","Please Notify - Channel Added"),"") | F15: - | G15: ='IPTV CA'!A6 -> 10405 | H15: =T('IPTV CA'!B6) | I15: Vacant | J15: =IF(I15="Active",IF(H15="","Please Notify - Channel Removed",""),"") | K15: =IF(I15="Vacant",IF(H15="","","Please Notify - Channel Added"),"") | M15: ='TMIS US'!A6 -> 8105 | N15: =T('TMIS US'!B6) | O15: Vacant | P15: =IF(O15="Active",IF(N15="","Please Notify - Channel Removed",""),"") | Q15: =IF(O15="Vacant",IF(N15="","","Please Notify - Channel Added"),"") | S15: ='TMIS CA'!A6 -> 9005 | T15: =T('TMIS CA'!B6) | U15: Vacant | V15: =IF(U15="Active",IF(T15="","Please Notify - Channel Removed",""),"") | W15: =IF(U15="Vacant",IF(T15="","","Please Notify - Channel Added"),"")
A16: ='IPTV US'!A7 -> 10106 | B16: =T('IPTV US'!B7) | C16: Vacant | D16: =IF(C16="Active",IF(B16="","Please Notify - Channel Removed",""),"") | E16: =IF(C16="Vacant",IF(B16="","","Please Notify - Channel Added"),"") | F16: - | G16: ='IPTV CA'!A7 -> 10406 | H16: =T('IPTV CA'!B7) -> Filmrise Canadien | I16: Active | J16: =IF(I16="Active",IF(H16="","Please Notify - Channel Removed",""),"") | K16: =IF(I16="Vacant",IF(H16="","","Please Notify - Channel Added"),"") | M16: ='TMIS US'!A7 -> 8106 | N16: =T('TMIS US'!B7) | O16: Vacant | P16: =IF(O16="Active",IF(N16="","Please Notify - Channel Removed",""),"") | Q16: =IF(O16="Vacant",IF(N16="","","Please Notify - Channel Added"),"") | S16: ='TMIS CA'!A7 -> 9006 | T16: =T('TMIS CA'!B7) -> Filmrise Canadien | U16: Active | V16: =IF(U16="Active",IF(T16="","Please Notify - Channel Removed",""),"") | W16: =IF(U16="Vacant",IF(T16="","","Please Notify - Channel Added"),"")
A17: ='IPTV US'!A8 -> 10107 | B17: =T('IPTV US'!B8) | C17: Vacant | D17: =IF(C17="Active",IF(B17="","Please Notify - Channel Removed",""),"") | E17: =IF(C17="Vacant",IF(B17="","","Please Notify - Channel Added"),"") | F17: - | G17: ='IPTV CA'!A8 -> 10407 | H17: =T('IPTV CA'!B8) | I17: Vacant | J17: =IF(I17="Active",IF(H17="","Please Notify - Channel Removed",""),"") | K17: =IF(I17="Vacant",IF(H17="","","Please Notify - Channel Added"),"") | M17: ='TMIS US'!A8 -> 8107 | N17: =T('TMIS US'!B8) | O17: Vacant | P17: =IF(O17="Active",IF(N17="","Please Notify - Channel Removed",""),"") | Q17: =IF(O17="Vacant",IF(N17="","","Please Notify - Channel Added"),"") | S17: ='TMIS CA'!A8 -> 9007 | T17: =T('TMIS CA'!B8) | U17: Vacant | V17: =IF(U17="Active",IF(T17="","Please Notify - Channel Removed",""),"") | W17: =IF(U17="Vacant",IF(T17="","","Please Notify - Channel Added"),"")
A18: ='IPTV US'!A9 -> 10108 | B18: =T('IPTV US'!B9) | C18: Vacant | D18: =IF(C18="Active",IF(B18="","Please Notify - Channel Removed",""),"") | E18: =IF(C18="Vacant",IF(B18="","","Please Notify - Channel Added"),"") | F18: - | G18: ='IPTV CA'!A9 -> 10408 | H18: =T('IPTV CA'!B9) | I18: Vacant | J18: =IF(I18="Active",IF(H18="","Please Notify - Channel Removed",""),"") | K18: =IF(I18="Vacant",IF(H18="","","Please Notify - Channel Added"),"") | M18: ='TMIS US'!A9 -> 8108 | N18: =T('TMIS US'!B9) | O18: Vacant | P18: =IF(O18="Active",IF(N18="","Please Notify - Channel Removed",""),"") | Q18: =IF(O18="Vacant",IF(N18="","","Please Notify - Channel Added"),"") | S18: ='TMIS CA'!A9 -> 9008 | T18: =T('TMIS CA'!B9) | U18: Vacant | V18: =IF(U18="Active",IF(T18="","Please Notify - Channel Removed",""),"") | W18: =IF(U18="Vacant",IF(T18="","","Please Notify - Channel Added"),"")
A19: ='IPTV US'!A10 -> 10109 | B19: =T('IPTV US'!B10) | C19: Vacant | D19: =IF(C19="Active",IF(B19="","Please Notify - Channel Removed",""),"") | E19: =IF(C19="Vacant",IF(B19="","","Please Notify - Channel Added"),"") | F19: - | G19: ='IPTV CA'!A10 -> 10409 | H19: =T('IPTV CA'!B10) | I19: Vacant | J19: =IF(I19="Active",IF(H19="","Please Notify - Channel Removed",""),"") | K19: =IF(I19="Vacant",IF(H19="","","Please Notify - Channel Added"),"") | M19: ='TMIS US'!A10 -> 8109 | N19: =T('TMIS US'!B10) | O19: Vacant | P19: =IF(O19="Active",IF(N19="","Please Notify - Channel Removed",""),"") | Q19: =IF(O19="Vacant",IF(N19="","","Please Notify - Channel Added"),"") | S19: ='TMIS CA'!A10 -> 9009 | T19: =T('TMIS CA'!B10) | U19: Vacant | V19: =IF(U19="Active",IF(T19="","Please Notify - Channel Removed",""),"") | W19: =IF(U19="Vacant",IF(T19="","","Please Notify - Channel Added"),"")
A20: ='IPTV US'!A11 -> 10110 | B20: =T('IPTV US'!B11) | C20: Vacant | D20: =IF(C20="Active",IF(B20="","Please Notify - Channel Removed",""),"") | E20: =IF(C20="Vacant",IF(B20="","","Please Notify - Channel Added"),"") | F20: - | G20: ='IPTV CA'!A11 -> 10410 | H20: =T('IPTV CA'!B11) | I20: Vacant | J20: =IF(I20="Active",IF(H20="","Please Notify - Channel Removed",""),"") | K20: =IF(I20="Vacant",IF(H20="","","Please Notify - Channel Added"),"") | M20: ='TMIS US'!A11 -> 8110 | N20: =T('TMIS US'!B11) | O20: Vacant | P20: =IF(O20="Active",IF(N20="","Please Notify - Channel Removed",""),"") | Q20: =IF(O20="Vacant",IF(N20="","","Please Notify - Channel Added"),"") | S20: ='TMIS CA'!A11 -> 9010 | T20: =T('TMIS CA'!B11) | U20: Vacant | V20: =IF(U20="Active",IF(T20="","Please Notify - Channel Removed",""),"") | W20: =IF(U20="Vacant",IF(T20="","","Please Notify - Channel Added"),"")
A21: ='IPTV US'!A12 -> 10111 | B21: =T('IPTV US'!B12) -> Sky News | C21: Active | D21: =IF(C21="Active",IF(B21="","Please Notify - Channel Removed",""),"") | E21: =IF(C21="Vacant",IF(B21="","","Please Notify - Channel Added"),"") | F21: - | G21: ='IPTV CA'!A12 -> 10411 | H21: =T('IPTV CA'!B12) -> FilmRise Western | I21: Active | J21: =IF(I21="Active",IF(H21="","Please Notify - Channel Removed",""),"") | K21: =IF(I21="Vacant",IF(H21="","","Please Notify - Channel Added"),"") | M21: ='TMIS US'!A12 -> 8111 | N21: =T('TMIS US'!B12) -> Sky News | O21: Active | P21: =IF(O21="Active",IF(N21="","Please Notify - Channel Removed",""),"") | Q21: =IF(O21="Vacant",IF(N21="","","Please Notify - Channel Added"),"") | S21: ='TMIS CA'!A12 -> 9011 | T21: =T('TMIS CA'!B12) -> FilmRise Western | U21: Active | V21: =IF(U21="Active",IF(T21="","Please Notify - Channel Removed",""),"") | W21: =IF(U21="Vacant",IF(T21="","","Please Notify - Channel Added"),"")
A22: ='IPTV US'!A13 -> 10112 | B22: =T('IPTV US'!B13) -> Blaze Live | C22: Active | D22: =IF(C22="Active",IF(B22="","Please Notify - Channel Removed",""),"") | E22: =IF(C22="Vacant",IF(B22="","","Please Notify - Channel Added"),"") | F22: - | G22: ='IPTV CA'!A13 -> 10412 | H22: =T('IPTV CA'!B13) | I22: Vacant | J22: =IF(I22="Active",IF(H22="","Please Notify - Channel Removed",""),"") | K22: =IF(I22="Vacant",IF(H22="","","Please Notify - Channel Added"),"") | M22: ='TMIS US'!A13 -> 8112 | N22: =T('TMIS US'!B13) -> Blaze Live | O22: Active | P22: =IF(O22="Active",IF(N22="","Please Notify - Channel Removed",""),"") | Q22: =IF(O22="Vacant",IF(N22="","","Please Notify - Channel Added"),"") | S22: ='TMIS CA'!A13 -> 9012 | T22: =T('TMIS CA'!B13) | U22: Vacant | V22: =IF(U22="Active",IF(T22="","Please Notify - Channel Removed",""),"") | W22: =IF(U22="Vacant",IF(T22="","","Please Notify - Channel Added"),"")
... A1504: ='IPTV US'!A1495 -> 0 | B1504: =T('IPTV US'!B1495) | C1504: Vacant | D1504: =IF(C1504="Active",IF(B1504="","Please Notify - Channel Removed",""),"") | E1504: =IF(C1504="Vacant",IF(B1504="","","Please Notify - Channel Added"),"") | F1504: - | G1504: ='IPTV CA'!A1495 -> 0 | H1504: =T('IPTV CA'!B1495) | I1504: Vacant | J1504: =IF(I1504="Active",IF(H1504="","Please Notify - Channel Removed",""),"") | K1504: =IF(I1504="Vacant",IF(H1504="","","Please Notify - Channel Added"),"") | M1504: ='TMIS US'!A1495 -> 0 | N1504: =T('TMIS US'!B1495) | O1504: Vacant | P1504: =IF(O1504="Active",IF(N1504="","Please Notify - Channel Removed",""),"") | Q1504: =IF(O1504="Vacant",IF(N1504="","","Please Notify - Channel Added"),"") | S1504: ='TMIS CA'!A1495 -> 0 | T1504: =T('TMIS CA'!B1495) | U1504: Vacant | V1504: =IF(U1504="Active",IF(T1504="","Please Notify - Channel Removed",""),"") | W1504: =IF(U1504="Vacant",IF(T1504="","","Please Notify - Channel Added"),"")
